Title,Type Objekt,Lokasjon,Anskaffet fra,Opprinnelsesdato,Dato (kjøpt),Kjøpssum (ink. mva),Eier,Bilder,Informasjon,RecordID,URL,QR kode
Sidebord/smørkinne,Annet,Farsund Resort,Blomqvist,,November 2020,1375,Glastads Samlinger,image.png (https://v5.airtableusercontent.com/v3/u/54/54/1781287200000/iCpKTzzrnzbkLV4X_XRuGg/Mnht_dh5C4lQ8R0Oobu1XvPkOm2lLv9a2__0yCK_rMw6OmkSgXBCmpBiMOdzPlgPYhv-jwm1QrC2PRFtXWCqsnXkemfl2ApMYfps9wOdQDqHamos04ZrYWALYO_enCN_JNI5gCV7VTG16dpht_gluA/VWht0DECaPP0mruMVAQV7bflkGu6YMinyS3ikc7AhCk),"Agder. Furu. Rødmalt. 1800-tallet.
Høyde 67 cm
Lengde 41 cm
Bredde 37 cm

Smørkinne uten ''innmat'' og sveiv.

Sidebord / kasse med profilert listverk som omramming, stående på to formede føtter. Lokk med skåret firpas knott oppe. Avtakbart lokk, over åpent rom. Trehvit innside. Avsliten rød farge på utside.",reclvO7mBrHZesl16,,
Innrammet bilde ,Maleri,Savoy,Inventarium AS,,September 2025,1760,Glastads Samlinger,,"Bestilt av HC, faktura mottatt av Glastads Samlinger.
",rec4IaETMNl28ihZL,https://airtable.com/https://airtable.com/appNXluusQb9f6LRB/shrFH1LhqiKSm4Y1n?prefill_ObjectID=rec4IaETMNl28ihZL,
Speil ,Speil,Savoy,Inventarium AS,,September 2025,1320,Glastads Samlinger,,"Bestilt av HC, faktura mottatt av Glastads Samlinger.
",recHGOAw56djQ9C6X,https://airtable.com/https://airtable.com/appNXluusQb9f6LRB/shrFH1LhqiKSm4Y1n?prefill_ObjectID=recHGOAw56djQ9C6X,
Vintage bilde,Maleri,Savoy,Inventarium AS,,September 2025,520,Glastads Samlinger,,"Bestilt av HC, faktura mottatt av Glastads Samlinger.
",recgw7UlzLmZw0nwM,https://airtable.com/https://airtable.com/appNXluusQb9f6LRB/shrFH1LhqiKSm4Y1n?prefill_ObjectID=recgw7UlzLmZw0nwM,
Ruth Krefting,Maleri,Savoy,Blomqvist,1933,Oktober 2025,7500,Glastads Samlinger,image.jpeg (https://v5.airtableusercontent.com/v3/u/54/54/1781287200000/3sC4Mk9x8iFDzMDLzsMOwg/rviOP5hdIXEQMTA9YYHkU7BwtNyDNxrlIKbhF_EBAX8Wb3Ufv6ZmcbvxJYGLWLh8cCkrGWip4YR3jbqYRpkoPStR3YJ6p8bPYQo4nu3egQqG7qrWyYL-ebyzj5we5smxQLugnJFsme0xt8c_20B16GakcpqujlmMU9Kqk1z7JtU/xtz4XnYZVaEWL2d23JLvnsFM41XAPzJFDhrUVmNQ0LU),"""Fra Fridtjof Nansens vei"" 1933 (Colosseum kino i bakgrunnen)
Olje på lerret, 55 x 65 cm
Signert nede til høyre: Ruth Krefting 1933",recDsL77TCEQ3fjCJ,https://airtable.com/https://airtable.com/appNXluusQb9f6LRB/shrFH1LhqiKSm4Y1n?prefill_ObjectID=recDsL77TCEQ3fjCJ,
Kommode,Annet,Savoy,Blomqvist,1800-tallet,Oktober 2025,4000,Glastads Samlinger,image.png (https://v5.airtableusercontent.com/v3/u/54/54/1781287200000/Lxz1zXMvjGaMysD9S-Sonw/ELRKtgp-2uAi2EF-lu5LLCHDtpp5lzYMKE6bdHkKCPI0_q9pr2cjGvi0teNGpuTLXy3_Mm4MSDlNSe9jn__5mge8knNkwJL-Tsjtt3hXOcU0M9P3DUvIBIwcsPYNnCVNt19lnvvueykNSwmmQUY66Q/fpsBXrYoRe5O3MiXgzn0QfHdsjRP9N6IvTnezXKa_tE),"Queen Anne stil. 1800-tallets andre halvdel.
Høyde 79 cm
Lengde 83.5 cm
Dybde 47 cm

Rektangulær form. Mahognifinér på eikeskrog. Konsollføtter. Tre skuffer med innleggingsarbeid rundt nøllelhullene. Kassettbord i front.",recu6b3HqiN22UykZ,,
Speil,Speil,Savoy,Blomqvist,1800-tallet,Oktober 2025,2500,Glastads Samlinger,image.png (https://v5.airtableusercontent.com/v3/u/54/54/1781287200000/a829nppKp0K4f-reIivuqg/L7ZlUK3kDA_I9jTYMxePohJlCU8VQVO4S5WQzSq9XVaxvazxIZqXHw5tYuWnRV0f8tUdjDR-MP29ZZzgxovRW1l7Sklm-K14vIYummVqD1Yn70224D3uEsNdOU4B5UKZF7fTE07XM1NVklR_OG25XA/gNGwJinqT7daAAEKEQ6ePbsKtCObmulkC6tUP91npY4),"Empire. 1800-tallets første halvdel.
Høyde 132 cm
Bredde 45 cm

Finér i lyse og mørke treslag. Detaljer i messing.",reccx0ePx2mR2DBFi,,
Møblement,Annet,Savoy,Blomqvist,1900-tallet,September 2025,8750,Glastads Samlinger,image.png (https://v5.airtableusercontent.com/v3/u/54/54/1781287200000/b6i26n88Iz3Pc--IKZfo5g/ikyU0tHqiBuZ9C0xELG-4zSHu81PpxaGufX-hBHEblRbXLstrkOgOrpnsGqj6-sQfuht0rG9hoNJhuKNSrVCuV0-q9qt_QzSx6mkNGWRMaBP5T6SRv1ht14NNQESlMj0gIUdMYVtRmFB-MOtBUtTzA/4BXzgtywJFP59Md-yG_7z-c10Ka3mA-mtHpgXPvXOkc),"England. Georgian stil. 1900-tallet.
Antall 3

Sofa og to ørelappstoler.
Overstoppede i gult, mønbstervevet og brodert stoff, og i lys gult fløyelsstoff.
Sofaen med cabriole ben. Stolene med rette, firkantede ben.
To løse puter i samme møbelstoff medfølger.",recxXP4AmPi6QxwBc,,
Bord,Bord,Savoy,Blomqvist,,September 2025,1875,Glastads Samlinger,image.png (https://v5.airtableusercontent.com/v3/u/54/54/1781287200000/_Ag_cFrC2pt7dnE_IcZlvA/shPEgef4MH8XSu4s2fckKd5DXgrQADQHOY3yxLO_LSpOpZ4Xx4P5Wh1DKXuAgxrxgJ0IucBp36mqIAyPMrCQ600zchvXHd16koWjw_8K5CojeVlwZvD95G9fuLi9kFojXEKqXfSLu2s5GORejfBrBQ/bHYUbeJl_5tfswzgxjY88IHyT6v6VwDTUatK-RFxZB8),"Nord-Europa. Ca. 1900.
Høyde 63 cm
Diameter 81 cm

Tyrol-type. Balusterformet stamme med trepas fot. Åttekantet plate. Rik intarsiadekor i ulike treslag. Sentrert motiv på bordplaten av to fugler på en gren.",recewhE2VoZ1fKmca,,
Armstoler,Stoler ,Savoy,Blomqvist,,September 2025,2500,Glastads Samlinger,image.png (https://v5.airtableusercontent.com/v3/u/54/54/1781287200000/A-10ddHNOv80nmmmF5DS5A/3e4Q4W8Wp0cfaYterIk1OiCSvTfOSv65k_RBV1JQbmnoHpI0guK-xat5JsDe-s7tsXfTH8mLY91eBc5s4Mgd3f9IHYe9BQAISfnRGFbo0GTUFvjkkOxZSYUX4MbQO0cU2E5VBmSAnhSby5rZEm6Baw/GfuhWAm2iB4uGx0YmfhL3fQVoqFpSafCMtK4d2NB0mc),"Rokokko stil. Et par. Tidlig 1900-tallet.
Antall 2
Sittehøyde 43 cm

Skåret rammeverk. Stoppet og trukket i mønstret tekstil. Forben med trinser.",rec1wg36frnavcY9f,,
Harald Brun,Maleri,Savoy,Blomqvist,,September 2025,8125,Glastads Samlinger,image.png (https://v5.airtableusercontent.com/v3/u/54/54/1781287200000/ExYwSFtJCtqMmvV-6n4ApQ/pClj6IyWtrKd9ZhOtM3ze-9zFYvCzYR9EeBFCCHnbUne06aPHnh6fUMEzccxzIoydUxA1oMkTJVmZEBEgpya2ZxmNbxM-reASLdrYFXfCOPJDUO110Vq4fCF_X7IzEClloPIN7N-QVC7CHXY-s15TQ/8SfYTTxHlubVqHe504UKZwKosXOk1kopcWCFxXu6l2o),"Christiania 1873 - Oslo 1927

Spasertur i hagen
Olje på lerret montert på plate, 49 x 39 cm
Signert nede til høyre: Harald Brun",rec8A7jKIQ7FOGgZ9,,
Alice Nordin,Belysning,Savoy,Blomqvist,,Mars 2025,16250,Glastads Samlinger,image.png (https://v5.airtableusercontent.com/v3/u/54/54/1781287200000/JswGSDcnUcnvye0b-06tQg/ZObvDRyrWIqMOFAAkdd6Nfx5B_xGxC5vwKLCpl32FZx45erd9X8dUE3kRjWyItMqZIv4_s4331aVNGW1k7bKcQfWLWX6XurVWNtm4XNrH6Rh-tPwAZ8TR4ee7iz4z1e95u8RpwxHHm0d033EuNW08g/D78P0_MhbJ_sMo2hbQZr_MPrEU_GPJI0jrdrMCiDucs),"Svensk 1871-1948

Taklampe
Böhlmarks Lampfabrik, Stockholm. Jugend, tidlig 1900-tallet.
Høyde 80 cm

Utført i bronse, rikt formet med blomster og bladverk. Sekundær kuppel i frostet glass. Tre sokler til elektriske pærer innvendig. Signert langs nedre del av lampen: Alice Nordin.",recVuF2uaGBWmwQL5,,
Skap,Annet,Savoy,Blomqvist,,Mars 2025,2750,Glastads Samlinger,image.png (https://v5.airtableusercontent.com/v3/u/54/54/1781287200000/FXfIP70trCFB97OzGYMDXw/Tm_CNjF0MMbFAqS8IVf0q9if405pO6uoXma4NV4tmSV99OI0Bn_d1xghUsGu6u88kZlXZOqnmPofZGqdjR0tldbo7V-MTXFnC1_sS3_n2xdu1FarZB1cTEZWvF8toTsGPRORUuUkEUV14eiX8E1Jkw/U-l_rF4pJ0N2bamBF84rUaZpQtaDFMDe7tYzLB73BsU),"Biedermeier. Slutten av 1800-tallet.
Høyde 79 cm
Lengde 100 cm
Dybde 55 cm

Rektangulær form. Rikt skåret dekor med løver, geometriske former og akantus. En skuff og skap innredet med med tre hyller. En nøkkel medfølger.",rec6AHLPmBemCRWqI,,
Taklampe,Belysning,Savoy,Blomqvist,,Februar 2025,5000,Glastads Samlinger,image.png (https://v5.airtableusercontent.com/v3/u/54/54/1781287200000/QhI1jTM6m0lSN48wfjj0HA/EP4uNKt_rXuVDcnHg3faPRRrXYn-PgsKdv6gdFOUxKCtpvD937HpmHEMhEZVa2DW8_MpuGa8kppR4ALjgLPZy6r297L2ldH5zB99YtW86oic_JnGf4LACeILxXb6vQwfoRKdd2BfQiyfqZfPqTy__A/3JyPUffMHVz19KHdZ4nJnjo0_VTPbqbB0v6sbaMhuKA),"Modell 3853 A, Böhlmarks Lampfabrik, Stockholm. Jugend, tidlig 1900-tallet.
Høyde 76 cm

Utført i bronse, rikt formet med blomster og bladverk. Kuppel i frostet glass. En sokkel innvendig og tre utvendig til elektriske pærer.",recSDZdNfNhw1QhbE,,
Taklampe,Belysning,Savoy,Blomqvist,,Januar 2025,5750,Glastads Samlinger,image.png (https://v5.airtableusercontent.com/v3/u/54/54/1781287200000/5pIodhfLxcaFVtVDWANtnA/2-INNEg6_NbF2-HHyqP6XoLg83RS-1Ar2-ldgSmNXOXsgyzBpbo2xSvXEzp3J1fZ5OrUjwtJRE4j7_7ehIh4oXCGXv5tRrA_Q5IGS_wjn_VcC835YPYDwyHQa4vHdRenyRG-j8ofQv3YUVZ82zxTGg/JUI75NDzgIcvx3ewTPaQLKmZVDkjaW1rDw_Xo2kix08),"Modell 3853 A, Böhlmarks Lampfabrik, Stockholm. Jugend, tidlig 1900-tallet.
Høyde 74 cm

Utført i bronse, rikt formet med blomster og bladverk. Kuppel i frostet glass. En sokkel innvendig og tre utvendig til elektriske pærer.",reczfFZlOjaKC9RvL,,
Speil,Speil,Savoy,Blomqvist,,November 2024,3750,Glastads Samlinger,image.png (https://v5.airtableusercontent.com/v3/u/54/54/1781287200000/xXbtd34fAsVhYv_EmPYE-g/PTZipNYUZTgR0qpZVthaHURc9-udKJ6vy4ygbg2RZeXLQeZ3_6Gksxpln8Bs78PXgR5bqYgTEY7qcbnT6kR_ZF58urmf1rJu6Bt2SMm1N8sDC9USJ3W2q0PNItfTDj8TAHW_nXBsXXWH73bY2ZF_6w/AN5-U9zsJUPw89ClpBF8SlCf2u3nwjkHCpvPyshM1VA),"Mahogni. Biedermeier. Nord-Europa. 1800-tallets midtre del.
Høyde 145 cm
Bredde 52 cm

Originalt, todelt speilglass med et mørkt felt øverst med innfelt oval for et bilde.",rec6lsJqSn0T5jqrP,,
Speil,Speil,Savoy,Blomqvist,,Februar 2023,2000,Glastads Samlinger,image.png (https://v5.airtableusercontent.com/v3/u/54/54/1781287200000/iXcysh5yo7t9kh-47ycwmw/8ixPRt2GCoF5jeHnaSfMu872KsqZctWwLe9YCWMSsP22VkNqE9FTGCrwIPgllrWOkJ3-uWuVQzCmuye_0_rjjCbeSAJxcfikuREFwXI97BuOty7VROy6AcUp_YZKCF_keqDcvDSq8RD26bET1Yn91w/Q0ztZLVq680U1MPPxCqrqvN51WaG5JxhLuMZZ-ERumo),"Empire stil. Slutten av 1800-tallet.
Høyde 99 cm
Lengde 37.5 cm

Gavlformet topp med intarsiadekor av fugl. Glassplate i øvre del med malt klassiserende motiv i grisaille. Nedre del med rektangulært speilglass.",recOH5ilRpfqV2iY3,,
Speil,Speil,Savoy,Blomqvist,,Mai 2021,1250,Glastads Samlinger,image.png (https://v5.airtableusercontent.com/v3/u/54/54/1781287200000/HSsZi7ZM5BwhS5lASK4rYg/nT_GFjfzDfldhJ33LjDcvtcJnrRRiRTYQYkCe5m408yq_oVNwhnmm7KXVVkFCW7rtEtJz4npohX_6INVgmOTADq6fG_CRC5sfqmg8pvhjm_fj_FU4SPE0duMMUMs38ZQvShzq3vHShLpWwYFz5aTJQ/b9oRNshsd3xG1pqDBgwrUGncSyb19UwPGxgYTqZY_Fk),"Empire. Bjørk. Midten av 1800-tallet.
Høyde 102 cm
Lengde 41 cm

Innlagte striper i mørkt tre, skåret toppfelt.",rec81m6uZd8UA7xcr,,
Sidebord,Bord,Savoy,Blomqvist,,Juni 2020,2500,Glastads Samlinger,image.png (https://v5.airtableusercontent.com/v3/u/54/54/1781287200000/Xku1MEz_runG25TYC7qP7Q/E0wrM6VEU2bDUVceYz8G3cH6nea59Ch9ablc9hj3G5gEbIB867zWG5B1CZUqBbsuIFuEixJSXh_0rBYf5ZrQWhqTt0lO24Rg2bJPZAs7xEJlzxbgw2vwSOIoht4R0cnOI9MMdC1iFjRTPvcHuw-7Ow/yHNMEDkwE3ccyOyInSmfXSrxyhczAjHq7DprmTTjj7s),"Trolig England. Mahogni. Midten av 1900-tallet.
Høyde 66 cm
Diameter 66 cm

Plate i grønn lær med preget, gullstaffert dekor. Fire skuffer i sargen. Dreibar plate. Firpas fot med løveføtter og trinser i messing.",recMYMCCOSPIjNANC,,
Andreas Lind ,Maleri,Klubben,Blomqvist,,Juni 2025,10000,Glastads Samlinger,image.png (https://v5.airtableusercontent.com/v3/u/54/54/1781287200000/vETU3HZmN-LpTeY42CISwA/N6-HnSTR4wcwh8T3C2jRMCAYCmNP9vAAuBPL6JqgNYxnjWjSmupo2zeNrUE1DCM1qX0c7iLD4bzs2bCT2RGQXm2c4Kv2NEK8BOq7COAFGoHMBe_yDXIsfVc8in92ULalcI1ncTDSWYmWsBlSOgVQPQ/hFryNK87o4GzZmYhg3nwjh6tNvkY0sd0c02WIdULKZY),"Stjørdal 1815 - London 1885

""Solon af Tönsberg - Captn. I. P. Andreasen"" 1873
Akvarell, 49 x 76 cm
Signert nede til høyre: Tegnet af Andr Lind i London 1873.
",recatq4ED4U4uxrF3,,
Kommode,Annet,Klubben,Blomqvist,,Juni 2023,3750,Glastads Samlinger,image.png (https://v5.airtableusercontent.com/v3/u/54/54/1781287200000/43-s_cYcvMerGU-604gPfw/RlMJvFyvEROcGXMUszOYQPjxD2XPw5Xdk-4lTWru0z7J31nkm4BQYb32NbZTKQF77YF4rxDlV_Pksk2lvI_JD4m4MQy5WPtLiACrHutruyN12det7GEBKYiuO_SsHROATFS--OaWayAV4xUvlcQdcQ/-qHlvpTnojUA91eX3TPYskDl9CGuBg53dptirHir1QQ),"Empire. 1800-tallets første halvdel.
Høyde 86 cm
Bredde 79 cm
Dybde 44 cm

Mahogni, alm og bjerk.
Tre skuffer, hvorav den midterste med innfelt halvsirkel i mørkt tre, trolig ibenholt.
Kvartsirkelformede føtter med innlagte arbeider.",recgAQoIx3AFsXeVZ,,
Bord og stoler,Annet,Klubben,Blomqvist,,Oktober 2022,8250,Glastads Samlinger,image.png (https://v5.airtableusercontent.com/v3/u/54/54/1781287200000/0O1opRKy2Ohm8pSCFKmJ6Q/FTPzOq2G5zms7ihXbEHKlxQrwScaaBgc50sUhfVs7yPy-XbtKyJ7CyFCdFZjHVE_jZQbuhgIkCCMtluSuccjrjoeuCXPAVHnDFpCAfy8oGlgGfetX5quyaPBVN_20s1ynLWU-AL-CnJqrqreO2YHCA/fW35Mj4ZAo5GgJMyoax_0cIUAY7uRbb-N1kF919JRQw),"Louis XVI stil. 1900-tallets første del.
Antall 3

Bemalt og forgylt rammeverk med skårede bladverk, sløyfe og blomster. Stolene med kannelerte ben og stoppet rygg og sete trukket i blå- og hvitmønstret tekstil. Bordet med oval marmorplate.

To stoler. Høyde 91 cm Sittehøyde 46 cm
Et bord. Høyde 71 cm Lengde 74 cm Dybde 54 cm",recsl2jaLxnTGRZZu,,
Armstoler,Stoler ,Klubben,Blomqvist,,September 2022,2000,Glastads Samlinger,image.png (https://v5.airtableusercontent.com/v3/u/54/54/1781287200000/-kQ5f9nZjch_ttL2Mt8gzQ/XGLrV1V0VGgSnv1oMdHUCR7CdfLv8N3KzFKzDGqEyxBgktH2XagzUHzjTFGliNdJR9N3FaqxSZECj9X80DrURDxJIXGj66U40m3uRDVXtq5ny2xoKnyqU1nzMs_K8J5b1kYa6UMCTsXcuVccQo_lpg/EcfNB2C5JU4QQqvN7eAWp-dVzvnicpPEpgSDOGSoArs),"Biedermeier. Et par snarlike. Slutten av 1800-tallet.
Antall 2
Høyde 95 cm
Bredde 56 cm
Sittehøyde 48 cm

Rikt formet med skårne detaljer i rygg og svungne armlener. Cabriole ben med voluttavslutning. Sete trukket i mønstret tekstil med blomster.",recW9w49S9urKi1ji,,
Armstoler,Stoler ,Klubben,Blomqvist,,Juni 2022,9000,Glastads Samlinger,image.png (https://v5.airtableusercontent.com/v3/u/54/54/1781287200000/KhcGLsaGndVMM0L7cOkANQ/mrhpgLpL_1_2PmWzarPJQEdC9Mdukzo8THYYXLkhaxwC8ctglqDs34K8s-fKqEQi8Xyc-fQNROU5M5DpzC4A4tfDeiiS4kivYMSiIPuSz_KhoaN1yiUs1keF6Gy5UP4W7pVdQeK0B9C3ei8G7Q2SKw/w9FZ3M6dku7FY8cqcK8WwG6PoDA6xkGBCNyqzEnRMK0),"Trolig Frankrike. Ny-rokokko. 1800-tallet.
Antall 2
Høyde 92 cm
Sittehøyde 42 cm

Rammeverk i eik med rikt skåret dekor i form av rocailler, blomster og akantus. Cabriole ben med voluttformer nederst. Stoppede seter, rygg og armlener trukket i blomstermønstret tekstil.",recsPKGnAqEwILPKz,,
Kommode,Annet,Klubben,Blomqvist,,Mai 2022,2625,Glastads Samlinger,image.png (https://v5.airtableusercontent.com/v3/u/54/54/1781287200000/Rxbxfgxb3PhPKRWDllKPqg/vtutxOYnV_vidNLAqxyQkNzaMpw_SfTYYkawjmeG9YosthZu0a6tdGH_NwrmTUaa6j-lC4o7R_5ofBr8N7FWI21EfcPBTj1DkR6WpNPELZswxwYXle7CY4Qa9GBIspfFVjml7I5ZMnCF8NkMK9awgQ/H-eZAt4V2ou7vKsc67u8mpddGLDfDc29MAZ47biCq6k),"Louis XVI stil. 1930-50-tallet.
Høyde 81 cm
Lengde 104 cm
Dybde 50 cm

Mahogni med likt innlagt dekor i ulike treslag med meanderborder, blomster, guirlandre og kvinnefigur i profil. To skuffer i front med doble beslag og omramming til nøkkelhull. Bena med messingbeslag nederst. Plate i rød sten.",recruB8iMxnnKLjis,,
Reidar Aulie,Maleri,Klubben,Blomqvist,,September 2020,21250,Glastads Samlinger,image.png (https://v5.airtableusercontent.com/v3/u/54/54/1781287200000/7CC2AAccKUO0GWlwZnP5og/m4Vw6tBNG8sSWLv9Qw0bz51rlD0UpFVDltNl1lmKdxa1x2XD3sJoF7DmmYfGYDaXs2Fr6Epl7B3Yj5qPEpwswKFrdEh_5wCFVahgxbQdM0cYVIhSghZmd8RC7U_y7u_uQxjpqXYXiORD4M11RM5tkg/5Np9aVGBDLFUV609wvrRilS8FdKGE5Asps9Kvv6tS3g),"Kristiania 1904 - Oslo 1977

Kaldnes skipsverft
Olje på plate, 55 x 46 cm
Signert nede til venstre: Aulie


Kaldnes er verftet i Tønsberg, som det nå kun er små rester igjen av.",recglc8jH61Oqblwq,,
Olav Eldøy,Stoler ,Klubben,Blomqvist,,November 2019,6750,Glastads Samlinger,image.png (https://v5.airtableusercontent.com/v3/u/54/54/1781287200000/ukUpsOYjR8LkhnCU5B8lCQ/TKwqpSu5rXYSSo7dvpA2q0FcOgYFatYH3tOzCUJP6HQwWLoipebA9D6T2qcZ5992F0DBnUYLPHqvNQM7ngcCffydr5mChC8ZgQiPFh78vaGsI4OhBMjajgKRZbFtLyjkFCWDvnlqThMOUbTfLDmG4g/IrPp6uv0TWwALAYPKbOKSJ56rwfvSk6XGPQDPXvKbhk),"Stord 1948

Lenestoler
""Peel Club"", Variér Furniture, 1990/2000-tallet.
Antall 2

Kremfarget skinn. Fot i forkrommet metall og sortlakkert tre.",recKQH3OIKVGluchF,,
Rastad & Relling Tegnekontor A/S,Annet,Klubben,Blomqvist,,November 2019,4000,Glastads Samlinger,image.png (https://v5.airtableusercontent.com/v3/u/54/54/1781287200000/r9UUvl-yaOWL0V6zSEj3Cw/fNwm53O_bu9AK780tZfEKDyppcnBVtxzKxJUNGk42c-KWnIi8tm6GW5L2iKcmgscMAeMOt4P1ZsANRWIvHRmoQgpoxxPTsVlFRRVHsaoI5Qdz6F4VOLHTjBUKcNzuZ4uB7VIfv2ORsl_QMbDyOVaOg/H2PXItG-KTVQF4DWBTnO9HMtxf4yndzx9yT2FaECxQM),"Dekketøysskap
Eidsfjord Møbelfabrik, begynnelsen av 1950-tallet.
Høyde 116
Lengde 144.5
Dybde 42.5

Utført i lakkert mahogni med sortlakkert dekor på dører. Innredet med skuffer og hylleplater. Lås og nøkkel.",recNbfhgNdBrbOP64,,
Dekketøyskap,Annet,Klubben,Blomqvist,,November 2019,4125,Glastads Samlinger,image.png (https://v5.airtableusercontent.com/v3/u/54/54/1781287200000/Wx0HVaRv_pJA1PBXDa1djg/mckKHz5q6oqW3IxpLVNGcehKlnpW03Opj2kjkmdjT8AZCH8fL98I1fAtYQd_FocuWpTayZla_dQrZnBmqpfLNOYr-X7fc_Q89DFA6GkSohyEY1pLuuhg3XovbKhVCkoUKr5eEzmFTG7bm84KxqdPEQ/UpK4fLz2DqZMZWuYGG4p2t7-8aZhY7QNuqb4gw7-hAE),"Nesttun Møbelfabrikk, 1960-tallet.
Høyde 107.5
Lengde 120
Dybde 42

Utført i teak. Innredet med skuffer og hylleplater. To skuffer i nedre del. Lås og nøkkel.",recah6q2S33hIJfLc,,
Dyre Vaa,Skulptur,Caledonien Hotel,Blomqvist,,Desember 2019,8750,Glastads Samlinger,image.png (https://v5.airtableusercontent.com/v3/u/54/54/1781287200000/a66Jy6LSkhP_XUfbUVSTlg/54jqja_NiBlfFe95VYKWS43kKDwWQEgoMXCTMWmBRXSb1hX6TzIyGUBhMuj1e9XTiPcPLfiXAb0Ng6A1tcI8PDQUlju86czX4rIGkle0ucUT9gkuA1WYmA69rIVvWvc2NI9J3f0Ceq1F5eL1jAeFgQ/R7awZS925SmuOjrkrr1RWLRj4L6CLKR-JdUC0ggB_qc),"Kviteseid 1903 - Rauland 1980

Christian IV til hest
Gips, høyde 100 cm
Usignert


Utkast til monument over Kristiansand bys grunnlegger kong Christian IV, i forbindelse med 300-årsjubiléet til byen i 1951.",recBRxIa6YGy31JRE,,
Hjalmar Haalke,Maleri,Hotel Victoria,Blomqvist,,August 2023,23750,Glastads Samlinger,image.png (https://v5.airtableusercontent.com/v3/u/54/54/1781287200000/eFRoSTOKJtOOjB4cDV6_Eg/w-bH2kEs9J6piUjrNtHVmjmrFMEUGymDqz71hYXCtxvk3tHlkpA6nbmQgUJgjG0nmeMZl8XiPT3JhnTYkT0KV9kRnkQaXUTCGGCgP94Ocs1fqLl141KSpGNhKmwbChz5qgGbvP0HVyujExoNK-rxDg/VJafULD961aIq7p0nE-WjU34zvO3Eze6vpRcPoVxTHM),"Trondheim 1894 - Oslo 1964

Skagenkaien-Stavanger, 1938
Olje på lerret, 300 x 280 cm
Signert nede til høyre: Hjalmar Haalke 1938


LITTERATUR
Østby, Leif. 1954. ""Hjalmar Haalke"". Oslo: Aschehoug.

I 1937 fikk Hjalmar Haalke sammen med kunstnerne Halvdan Holbø og Håkon Stenstadvold oppdrag om utsmykning av Norsk Arbeidslederforbunds festsal i Oslo.
Haalke malte motiver fra Bergen, Trondheim , Svolvær, Oslo og Stavanger. Trolig kan dette maleriet være en av dem.",recOZPA4qpkgSPERQ,,
Bendik Riis,Maleri,Hotel Victoria,Blomqvist,,August 2022,25000,Glastads Samlinger,image.png (https://v5.airtableusercontent.com/v3/u/54/54/1781287200000/v--5j0867OHBE7y2fdjHLA/riaVuNfgG-eYrzHQyL5QUeqKIfG5-B0a5Ptqg1dCwDuEUrnt7_rtv5oB-HWb4Ser3fKMMBI-FORahdAihcvAxqR_atoSXHqJ42x2iqnrtRv5Upf-MiUhSlj7snTX1kMHowVgxxpkMKbFFSlgjTBPrA/ivrjCP8JTD7WXy6urdaXcFivPd16CaO9SGRNpzGJ0eI),"Fredrikstad 1911 - Halden 1988

""Energi"" siste del 1930-tallet
Olje på lerret, 96 x 83 cm
Usignert


Titulert på baksiden: Energi
Merket bak på blindrammen med G
Merket med R to steder på blindrammen


PROVENIENS
Privat eie, Malmøya 1953-2002
Tidligere eier var i sin tid venn med kunstneren
Privat eie, Frankrike


Motiv fra Stavanger havn, Vågen. Skulpturen av Alexander Kielland i forgrunnen.",recFK9wXyWXFhUTMO,,
Uidentifisert kunstner,Maleri,Hotel Victoria,Blomqvist,,September 2021,3250,Glastads Samlinger,image.png (https://v5.airtableusercontent.com/v3/u/54/54/1781287200000/bjWMzjOKFWvLH5qNi2sUqQ/eG07YtD2BF6liPP7BXBVCciMK38hI4ukDVUKw6lV_uI36R4xb-s1RZ84c1kVUbtNfa-3VvGQSOj2Uzn0QINL5qd-YuQU9Yg3hXzeXu9DCUgWVnQ3KOpKudTc9wY5AxuxNzuTZ-Y8A-rlS6UgbwURIQ/gG1T914Nyu_RWFtib2ml1G-NRZqvcEDBuzKM4AQWPTg),"""Hans Tode"" 1888
Blandingsteknikk på papir klebet på plate, 47,5 x 66,5 cm
Signert nede til høyre: TE Gabrielsen 1880


Titulert nede midt på
Informasjon om verft og byggeår på etikett på baksiden

“Hans Tode"" bygget i 1873 ved Rasmussens Verft, Sand for E.H. Jondahls Rederi, Stavanger",recGcfT6JgpFv3Iu7,,
Skrivebord,Annet,Hotel Victoria,Blomqvist,,Januar 2021,6125,Glastads Samlinger,image.png (https://v5.airtableusercontent.com/v3/u/54/54/1781287200000/LM2kJ1Kdq093muTmyUPbhA/ChHQVmzK0MjUnn9rjnHnk_dBnfft8fgf7CmYhgomoJdXlMb5RGNTp7pquSF77c8u6o6LBC2upsUBl6bSLfRKmynhaFhXW2IHJdN9LdWLXBWoItuLqvgVXRtzHicKfxwSjJibCP2kqKk5441qxoRS9A/TEXBLcFqFnfUr6wZyK98S68ax33FChCCFfB37pR_Fhc),"Frankrike. Louis XVI stil. Mahognifinér på eik. Rike messingdetaljer. Sent 1800-tallet.
Høyde 80 cm
Lengde 146 cm
Dybde 80 cm

Rikt formet med profilerte omramminger og listverk i messing, samt på de langsgående kannelerte rillene på de doriske søylene i front, samt beslag oppe og nede på disse.

Nøkkelhullbeslag i messing, med rombe- og palmettformer.
Tre + tre + to + én stor skuff i front. Låser, men ingen nøkler.

Innfelt sjøgrønt kunstskinnsimitasjon på skrivebordsplaten, antakelig sekundært. Uttrekkbare plater på sidene, disse med grønn filt. Stående på åtte runde føtter. Speilfyllinger på sider og front.",recYIeWMgSyEp9M1b,,
Stol,Stoler ,Hotel Victoria,Blomqvist,,Januar 2021,1125,Glastads Samlinger,image.png (https://v5.airtableusercontent.com/v3/u/54/54/1781287200000/TAwtN1ckETWO1rsxJCQ0GQ/EwwBtDDZeO6OMZh-EKxlGOQNxXObzf7tLZMpuKULFEjBRJy7SNJI63HHRJsRh42y9x9M8_Dkyi3ne_-y3hlo3f4RIzDvz5SA_7K0VyzGhly9Af3FDre-94pDD5S2hdNvngTf7_5KjBhv24knVPYa9A/OXOIRrd7pyI0mU-xhXdAWsZYZXR7QQb8TEp9iVdYmZw),"Nord-Europa. Hepplewhite stil. Provinsiell. Mahogni. Lakket. Ca. år 1850.
Høyde 95 cm
Sittehøyde 52 cm

Ovalt formet ryggbrett med svungen/tvunnen ryggsprosse med akantusfliker. Svungen setesarg med perlerand og fire avsmalnende runde kannelerte ben. H-formet skrånende fotsprosse. Omtrukket og omstoppet med sekundært tilpasset høyt sete på 1900-tallet i grønnstripet blomstrete stoff.",reclWHQ6PwSONZBvr,,
Stol,Stoler ,Hotel Victoria,Blomqvist,,Desember 2020,1875,Glastads Samlinger,image.png (https://v5.airtableusercontent.com/v3/u/54/54/1781287200000/N5wDNzbw52YEdJJ3hyxDgg/2t2jW_86Ujv14rps6SDb01JDJlrDpqOfEABr5a4UHyhjz6RtAdHRk9SAFT15wffDjrM_TkA34j02Ixk5dsHPBnZ3NLSUKPM3nmFeJnUd2P8tkPZZbv8OMGPUv09iY3bERRCXWVdkZJpuxAeVD40eMg/Wv4XlR6PZKRO_yKbIVbnXA5QVunKe1VTJy2egSQ72s4),"Karl Johan. Sverige, midten av 1800-tallet.
Mahogni-ådret bjerk.
Sittehøyde 42 cm

Formet ryggstykke med lyreformet ryggbrett.
Sabelben.
Løs setepute.",recoyUm2oJhA1eoiy,,
Bord,Bord,Hotel Victoria,Blomqvist,,Desember 2020,1875,Glastads Samlinger,image.png (https://v5.airtableusercontent.com/v3/u/54/54/1781287200000/_3O3i0_77LbnlPp4OUJ-KA/Pcg957zLhw9wbxy47TdruY9vshT94RlR39hqHz0XxIflaz0AaEkSy_smyTp5u_qjels6rIUzz0qSVO7KncZqwU88ce4qkwlnL_sd2GuGC0u3vsa3fF9XFVcu3a6UMscaVQUXWH0cQxsP923oa18Ymg/nrXoORpJyLCWF5bW4B2G3Ng484Dmndg7Yav6j5wUv0k),"Empire stil. Tidlig 1900-tallet.
Mahogni.
Høyde 74.5 cm
Lengde 109 cm
Bredde 73.5 cm

Rikt formet understell, med doble søyler for hver side, med sprosse mellom.
Tom skuffer i sargen.
Bordplate med korte klaffer for sidene.",recJREOQ6wKB1k6mk,,
Stoler,Stoler ,Hotel Victoria,Blomqvist,,November 2020,1875,Glastads Samlinger,image.png (https://v5.airtableusercontent.com/v3/u/54/54/1781287200000/txe_w-YZ_60dKX80Fq9OLA/rsqeZy0CIaQDzlhPlHf9cTsYD-vZcLR3IUJ9ilN_PAolQvr2LcTqQYN6WLuv1ThH6an4BxjwRo__ntVLnwH9aMUIdzuiLyxa05LjWktNOtTFCl8JKsEOxLj6FGk05Zl-zAKVbUidu7DF6SK9Su1kAA/q7zrQBBtcqqnw5LRbWZDcQpeBwQX3Aq3tm-Q4euBp9Y),"Mørkbeiset og bonet eik. To ulike. 1800-tallet.
Antall 2

En stol. Rikt skårne detaljer på rygg og setesarg. Cabriole ben i front med voluttavslutninger. Svungen, H-formet fotsprosse. Dreide bakben. Sekundært stoppet og trukket i rosa, mønstret stoff. Sittehøyde 46 cm

En stol. Rikt skåret og gjennombrutt dekor med akantus og putto. Forben med akantus, volutter og løveføtter. Snodd, H-formet fotsprosse. Dreide bakben med skåret akantus og claw&ball-avslutning. Sekundært trukket i rosa, mønstret stoff. Sittehøyde 54 cm",rec7zp6Eia6XtX10B,,
Stol,Stoler ,Hotel Victoria,Blomqvist,,November 2020,2625,Glastads Samlinger,image.png (https://v5.airtableusercontent.com/v3/u/54/54/1781287200000/BCo5QhVPlcvL2EkgLePt4Q/hjAqBuOgvIwUb4LBsteEF5iAZbVNSZS5BOQNDyBLA39tOvcqKptszRshamI7BInPXgLc-ygHSqNJbetKrDx3wm-WY0VPSSUjh2vAawj4fmBtzXKMHehBVST3ngJipIoc9lfggR0A3Yuz_ECZMcbxtQ/cAdL7Y5CHMfAPNeMA_4wwoAfOtFTkF6Ib5iZVTjDDWU),"Kontinentet. Régence. Eik. Mørkbeiset. 1700-tallet.
Høyde 96 cm
Sittehøyde 48 cm

Svungent ryggbrett og fire cabriole ben med klovavslutning nede. Skåret akantusdekor på knær. Likeknekket, svungen sarg med skåret skjellornament i front.
Sekundært stoppet og trukket i mørkblå velour, fra 1900-tallets andre del.",recjdb7yHUIPwcAsp,,
Speil,Speil,Hotel Victoria,Blomqvist,,November 2020,1500,Glastads Samlinger,image.png (https://v5.airtableusercontent.com/v3/u/54/54/1781287200000/LTDdy06jbiFa8I7V9CDFRg/oCJEjLAu-cv1DmLwHeE6DLZVfxTSeYJgRQkkMPA3DIQIYUs2q_OZnt_Tuoy70cIq4y8Vb0gY2_QINSwllf08gaNV9kWN0fgw7AChURTej0lZ2KLMvF4pp9ZyU-6pihuPkforTD9mGgxTGLaGG5Er8Q/vbbxix-QRp1wz67PDrBwMAmBUy4VARLRdDqM-MEhues),"Norden. Biedermeier. Mahognifinér på furu. Midten av 1800-tallet.
Høyde 158 cm

Buet toppstykke og profilert, rundet omramming. Konsoll nede. Skårede detaljer med akantus og skjellornamenter. Originalt speilglass.",recVwtrvWUXSJI1xi,,
Speil,Speil,Hotel Victoria,Blomqvist,,Oktober 2020,2000,Glastads Samlinger,image.png (https://v5.airtableusercontent.com/v3/u/54/54/1781287200000/B4yfkjI6Ih3i0zCBow_zMg/ne9PC5LnZhY2y897pxhXVTGT6i4Trhv6gZgXx9qOp4H6Bf5SbghN90jY8IUMY3YK-B8LD6hfux9N_MXj5CzSo64FHVwKKT0V-JQFsSMYfnqchA9E2FlIrol7ojlLPK-1E2RaLF8vN9EkEUrA8ufEqg/QQBz0wWqSuPxtyFSfc7lcvYSEHYNI7iKb-K1rZMHuPg),"Empire. Bjerk. Midten av 1800-tallet.
Høyde 122 cm
Lengde 57 cm

Mørkbeiset og bonet. Innlagt viftedekor i toppfeltet.",recHdjlNVu6BlBT7d,,
Speil,Speil,Hotel Victoria,Blomqvist,,Oktober 2020,1875,Glastads Samlinger,image.png (https://v5.airtableusercontent.com/v3/u/54/54/1781287200000/vzvplH7j9kLirqTDkqbc6w/ItO9Uk9eS5Nb4Enb-oDp93thDJG0zAywKkOIm1TswvUS0WpzaxEhhgETojZ1oX43JmRIjzCkxlpLjJ71IuMWOEa3qybJ73kQ16b0ST1lkA71VFSBRFFil-tl-Fp5uVkt3a8G2H1zuxD2RT7G76xSXg/ZjzwhPfpslpayYNqfY9-dApeWaKa6GLz5gCSiUgNKd4),"Trolig Norge. Senempire. Mahognifinér på blindtre av furu. Ca. 1830-50.
Høyde 149 cm

Gavlformet toppstykke med skåret, forgylt meanderbord. Påmonterte beslag i forgylt messing, med pil- og rosettformer. Originalt speilglass.",rech00ZyGgsDCVBIH,,
Speil,Speil,Hotel Victoria,Blomqvist,,Oktober 2020,1875,Glastads Samlinger,image.png (https://v5.airtableusercontent.com/v3/u/54/54/1781287200000/mvLs_hwYCFYEasTnSTyE_w/rg5CdA2y_sKpnSuDJycox4CluR09YegYLBOx-Fgln_e5YfLIYwaAAwC1_dyW_hCE_tA7G-7fK45L9jZuH9AvOdofs64YqxhE8KIUX6dZ8W-CKKP7TtkAzGtXPYklatBIvstVW7VpSKQ9nNreH7q7HA/QSVwSlHUQhXzuxNKZnz4zN1n3L1vCx8V9suh-vQ5-GA),"Early Georgian stil. Mahogni. 18/1900-tallet.
Høyde 105 cm
Bredde 50 cm

Svunget toppstykke.
Lister med langsgående riller og skårne rosetter rundt speilflaten.",rech2MnQSr4A1gf0p,,
Armstol,Stoler ,Hotel Victoria,Blomqvist,,Oktober 2020,2500,Glastads Samlinger,image.png (https://v5.airtableusercontent.com/v3/u/54/54/1781287200000/Bd3SiyEj-qbx4QRG-JwAcA/ZblTX3Cx4Fuz3evu6BlgFgZZV4hFuKRdfr9OZ3MWLBWgVFG3cRJu_W1b_o9L2-3POq_DAWESpsEyO6ECNsCMzrsPnOATLSSFzXcHwGPgCaNR_PIWGzrhgXLXauVr_Gxq3_89Xwfc5qkXypm1jWpB2g/LwhFpD8PKcv-Q-dm65Sb1sBQVONs5MtE70iugV3PvmQ),"Louis seize stil. Mørkpatinert eik. 1900-tallets første del
Høyde 90 cm
Dybde 52 cm
Sittehøyde 43 cm

Ovalt formet ryggstykke med skåret, tvunnet omramming. Dekorert med kanneleringer og akantus. Voluttformet avslutning på armlener. Kannelerte ben. Stoppet og nytrukket i turkis stoff med sorte striper. Messingnagler.",reckWi3b5qc47wprI,,
Speil med konsollbord,Speil,Hotel Victoria,Blomqvist,,Oktober 2020,2500,Glastads Samlinger,image.png (https://v5.airtableusercontent.com/v3/u/54/54/1781287200000/VJpGUnmsrB7t8cbl-i0Jyw/a0f3JVN_NEM_50oBEvqyaCTl2KmmcW69fjxDBWn-TkZNlirw_EhJRMJP7UN1j3jsG1K0g9aXfrNBlqsNo1gGqe20jCRI8K7QxI2rq4A0NyNgmpWcvbYrNS-oeKah6esVaGgMGjAIuX2p-SY9IEqllA/iSL-QZNMzkyfG_91ZHCr-_8c_zfHQtfdaoeKK-WuxCw),"Nyrokokko. Mahogni- og nøttetrefinér. Slutten av 1800-tallet.

Rikt skåret og avtagbar topp i beiset furu med akantus og bladverk. Høyde 165 cm Lengde 74 cm
Konsollbord i lakkert bjørk med volutter for siden. Høyde 66 cm Lengde 70 cm Dybde 38 cm",recebVBL146NPWbAP,,
Armstol og stol,Stoler ,Hotel Victoria,Blomqvist,,August 2020,4500,Glastads Samlinger,image.png (https://v5.airtableusercontent.com/v3/u/54/54/1781287200000/ppq0D10B2e59JRO2VVLizg/vRz0oC9EnbNXn5z-sSgUD_HQgxU5T-Lp8eAobj8ZY3EESBqbw5THGa3FTlOUKhAXasXhCV_kvVN5O-_HL7KhCdtHWCyTcfNJ9PkMh6DGuIxyb_loXsQeHAsd0Ch_JoernI-Yh7ezfVpnki25O3MwoA/8miA39aIhxnNHoHkSnUMJM8htv2MBqiEl2BwEkYra_4),"Trolig Danmark. Rokokko stil. Slutten av 1800-tallet
Antall 2

Sortmalt. Svungne former i rygg og armlener med voluttavslutning. Fiolinformet ryggbrett. Cabriole ben i front. H-formet fotsprosse. Rikt skåret dekor på setesarg, knær og toppstykke rygg. Gullstaffering. Senere stoppet og trukket i mønstervevet stoff.

En armstol. Sittehøyde 48 cm
En stol. Sittehøyde 50 cm",recsZpNtk47i7w2dD,,
Speil,Speil,Hotel Victoria,Blomqvist,,September 2020,1875,Glastads Samlinger,image.png (https://v5.airtableusercontent.com/v3/u/54/54/1781287200000/95cZ0HfIMx1684TtclYwbA/_LcnojFSnkc60AH5U-F3sEHztOermnr5McSIIJJB_MnN46IHLfXQaYaAg6k6LWEzhm5dZh7_8tn2bElfHMWcCqBaWjnLcXp-y3XQgbtvGjOAxv4cvvYFv4hoqaXTZzmNuwtto2dUOKlVDlWs9W4ZGQ/v4JG0xyvgpbF_8Bd6mCXP3zyxkkvwRirrrsSVchnO2w),"Mahogni. Slutten av 1800-tallet
Høyde 107 cm
Bredde 36 cm

Mahognifinér. Bakplate i furu. Gavelformet toppstykke. Detaljer i støpemetall.",rectJyHxXKCPztk3N,,
Speil med veggkonsoll,Speil,Hotel Victoria,Blomqvist,,Juli 2020,2750,Glastads Samlinger,image.png (https://v5.airtableusercontent.com/v3/u/54/54/1781287200000/_sVvhTZgzcernhHoOZ9lTg/f-6p_3w5IBx5qciqdxBt9HYkIJxxvl3N5Wnrw53Bc2FjjfbquH9QRSTl_rvmfyw1hCRApUMEaD7CsCw4JVk12dx2jnEtvpR-9VrM1HoVyqhH66C6sxoEwSxr5TSX_5D8DF5t8DbOE7M_gG9CKxyZwg/V_pgSZzVZVZI7p8mt6ozWcdLZBarhDrsFeNpxjUOoas),"Biedermeier. Mahogni. Sent 1800-tallet

Rektangulær form. Midtfelt med fasettslepet speil. Søyler for siden. Toppavslutning med svungen gesimslist. Høyde 146 cm Bredde 57 cm
Veggkonsoll med bakplate og S-formede sidevanger. Rektangulær topplate med avfasede hjørner. Høyde 66 cm Bredde 57 cm Dybde 36 cm",recCcD2pVXYRPlzd3,,
Speil,Speil,Hotel Victoria,Blomqvist,,Juni 2020,4125,Glastads Samlinger,image.png (https://v5.airtableusercontent.com/v3/u/54/54/1781287200000/a9baf943sWazw_iHT8Ym_A/ldqcfFb8wnkOupXTDJkDjtrqrihZZCwMoCj79kZBN7vH9uCpxnDB6_4dtTk3r3x9OGo5J5-MnmniBssNz7kKRh5_QiUVcLsaWOBJ6Z1aTdtAYgC5AmUAFW7nyoZe6Gbwn4C1vdWT9A-J3fsfCzru_g/LAUH4E-VeRqGuCywg1-2VbEQvSx7Tbx9HP_sTe20lCU),"Nord-Europa. Barokk stil. Sent 1800-tallet.
Høyde 149 cm
Bredde 85 cm

Særdeles rikt dekorert og formet. Rektangulær grunnform. Originalt fassettert speilglass og slepne stjerner i de flankerende speilglass. Rikt påmontert forgylt gipsdekor og omramming, med våpenskjold, perlerender, guirlandre, akantusranker, skjellornamenter, volutter, fletteverk og fylte roser.",recpB1UJZMW7mRSXY,,
Speil,Speil,Hotel Victoria,Blomqvist,,Juni 2020,2000,Glastads Samlinger,image.png (https://v5.airtableusercontent.com/v3/u/54/54/1781287200000/UuRufkLwVJuj3txAk_lmkA/ACe3QLBnJsBRfUW9OCTpPAkfmgC6wwrFAyosZoMMbv578FDHKkAaYb89bRDJkoMVlv2M-3m_S-L0uCWF7J_nIEneThCyYMKUupBjHi5j_rv8n0oHwH6eaPi8L-MhgBb4M7WRgFkvwUnQEbxXtLD5UA/s5uW1tnzhAtqi7_l8Nt_yJXTF3VHy6GeC0T7Zj8Doq4),"Danmark. Mahognifinér på blindtre av furu. Senempire. Ca. 1830-50.
Høyde 189 cm

Originalt to-delt speilglass.

Rektangulært, med kannelert søyleformet omramming med kvadratiske kassetter i hjørnene. Gesims oppe. Rikt påmonterte gipselementer i form av perlender og halvsirkler.",recnDIGk1IgFmHh7b,,
Speil,Speil,Hotel Victoria,Blomqvist,,Juni 2020,2750,Glastads Samlinger,image.png (https://v5.airtableusercontent.com/v3/u/54/54/1781287200000/X0gCPczqkW8MRjpapYzRiA/_NQFP9BwQwF0ipm856bDpVHE7ywnrZL-b82QPhl3F5ZEpTzg_yfOfhjjypMuS8a9ylMgDHqmbAQgZ9oeHUqCh6gn3wv7fsOminpk0foXWhaHuBeJX8quO4fK-4Fav4hkxp2NNHBrmFpgOo5o5yYxNg/tDJkjYcumRADoos-1Qz96tjm_rHj-RqUl1aRUVgvHjk),"Gullmalt. Rokokko stil. 1900-tallets første halvdel.
Høyde 81 cm
Lengde 91.5 cm

Oval form. Gesso-dekor i relieff med blomster, skjell og sløyfer. Fasettslepet speilglass.",reciogy3LWRBfGn7N,,
Speil,Speil,Hotel Victoria,Blomqvist,,Juni 2020,2500,Glastads Samlinger,image.png (https://v5.airtableusercontent.com/v3/u/54/54/1781287200000/y4GGQ8SbtdQhSmjtyZ9o8w/2dup4OQ_tBN8o4J6GUfEPoA5qd2giZWBkoQmDvyCCvHTf9CVZYuJncYn2OgDf-8FAhIZNKXnLG9BPxZa7R88ii9va02N9Xv30W9tb3B5DNlQ_PQ64gbQrEqbkYSfyLwxUWj7x1PWj3bF-F4h-60BjQ/Tig_FqF9V1_jdC98JsphuwMhID33jIU5bw0net_EnGQ),"Louis seize. Mahogni. 1800-tallets første halvdel
Høyde 183 cm
Bredde 64 cm

Todelt speilflate, med nyere nedre speilflate. Øvre speilflate med bemalt motiv av urne og festonger.",rectPd1aJJNUXjCvj,,
Sybord,Bord,Hotel Victoria,Blomqvist,,Juni 2020,1625,Glastads Samlinger,image.png (https://v5.airtableusercontent.com/v3/u/54/54/1781287200000/RJE6LRKWJyF2sCaXmzvp-g/Rz2-zcpQWm5gBT5VsfcFEVcSsjDjtIvP_TPE7-VZNbIxPEUQESkoZCYVS7YMGbvJQy9uFtm1mz589EUUZpdStPIYNZ0tium2SVMP-Cg3THId0pf4wFNlfyJk2SjqBFbLRPw28YxvCsXp2IvytXHfsQ/hL2SHIW5FobUltTMM6NszTMovMH6-avURK4z-ILsuoQ),"Nyrokokko. Mahogni. 1800-tallets siste del
Høyde 73 cm
Lengde 57 cm

Rektangulær, svungen bordplate. Rikt formet med rocaille-formet og akantus på øvre del av ben og skuff. To skuffer. En med montert tøypose. Cabriole ben.

Medfølgende fotskammel med innvendig tank.",recWudagEc7AFb8YZ,,
Bord,Bord,Hotel Victoria,Blomqvist,,Mai 2020,1625,Glastads Samlinger,image.png (https://v5.airtableusercontent.com/v3/u/54/54/1781287200000/ZuXwdIZkfkuoWjuDYgJEUQ/Ig2-WeMkeVFEqJgJDN3Rb9f3Ih_DUBItum1tL0kNkx6c1h1o3-2KCtffcSjpLRbxBzgs-KkxQYk9Z4lLdlwgprtDzJ9TTYl4a7lt4kJYKa-qk3KjFJjulz8AqC97i9oxQWhpbrur__RojJOL5rbceQ/ZgnS-8H5Hhbh407K3h3ggjT-jIuZYYq6sA3FmX15l1M),"Tyrol. Ca. 1900.
Rund bordplate med trepas fot.

Høyde 72
Diameter 60

Balusterformet stamme med skårne gjenger til bordplaten.
Rike innlagte arbeider i ulike treslag på plate og fot.",recSytYc0QbUhDxIa,,
Armstoler,Stoler ,Hotel Victoria,Blomqvist,,Mai 2020,2500,Glastads Samlinger,image.png (https://v5.airtableusercontent.com/v3/u/54/54/1781287200000/Ck2vN2w9K1w2by_KL7ygWQ/x_Aj8PrzIMTDZz4ri4HL9Ma2K5lQ6uNJswdIG-MhESHqT08aIHsV5UGUoRxY1CLzrE6GMkMicZGZHYUX_Gl42l2O_1lOoPjvOF0JDJLpBbuMPwBpf_CDKqu9ePGtWC4xhYTI1GD_aUClbt5iKTIDhw/-JoSyGCuDyVnDu9gkSfsGrUbwaB01Tpq08nfYEbq4ls),"Jugend. Trolig Norge. Ca. 1900. Et par.
Trolig mørkbeiset og lakkert alm.

Antall 2
Sittehøyde 42 cm

Skåren dekor på ryggstykkene.
Seter og ryggstykker trukne med rødt fløyelsstoff med kobbernagler.",recOvIvhh5szgWTRT,,
Speil,Speil,Hotel Victoria,Blomqvist,,Mai 2020,1250,Glastads Samlinger,image.png (https://v5.airtableusercontent.com/v3/u/54/54/1781287200000/egVfeo_i2thBcVUM5RzcGg/BT6t7SMsGZsAS4qA0reWZsPmeBLfc9WJIxu83L0-6YjRJMyup7hn2sG-mWCa6AWvVQgkE_VvpJDYuV4CwJE9b7VQShXLZYuPmQOfAiob05Y5NxnNUVQmGfJe0PxsWD_3Itj2qnLZmJEC0zLsHdD8fw/j-F62fUvIwL9u3z5uk1r-WlXoYscYGknWYQ-HkOBkkk),"Mahogni. Sortmalt listverk. Ca. år 1900
Høyde 102 cm
Bredde 52 cm

Gavelformet toppstykke med kule. Profilert omramming.",recYsH5lNogswziBq,,
Speil,Speil,Hotel Victoria,Blomqvist,,April 2020,1875,Glastads Samlinger,image.png (https://v5.airtableusercontent.com/v3/u/54/54/1781287200000/zZjxgHrkHTGVePjE2B4cUQ/Q2Vl82UXL3V1k-BgjZdOMB7wp8JhBiQYHJUMx4aLKRxzQKwtn379c7huU9I0CrUIdFNdklM4Vds9-DAqHZ-Wgnsdl05arBNuqsT52Mw8DcDs1QeBxvxMBlJRze8xBBCUu1p9gBf85-yD2n_sBtA-Vg/98gGGrjrebz8tJlh-eSbhTe4cdI-s7VTKipjiu2QO3w),"Nøttetre med gullmalte detaljer. 1900-tallets første halvdel.
Høyde 95
Lengde 63.5

Fasettslepet speilglass.",recmplI8ydKsRtI4R,,
Kaminur,Annet,Hotel Victoria,Blomqvist,,Mai 2020,2000,Glastads Samlinger,image.png (https://v5.airtableusercontent.com/v3/u/54/54/1781287200000/MvDEiq8_G1oLShHxn0oUEw/HIjHAh66XGWLkW6fQ9Z04xok9fzkIqqjatITXuStzUCTbAxtvVCna6Y8gd5rbToJfzbigMUZqjnSoEqWAtbsUQfqx5yNj2-w4IAoJQlXCeFaQ6vYILq-_HUBj-pAJ9bLRNucQYGZAUWK8Y9ZqFx0FQ/m2IjkVJuX_cvD7PwDeDDjKvowhacB6kKBpETTE_LlTs),"Ny-empire. 1900-tallets første halvdel.
Høyde 45
Lengde 27
Dybde 16

Sort- og flerfarget marmor. Urne i topp med detaljer i forgylt messing. Løveformede framben og hanker for siden i forgylt messing. Hvitemaljert urskive med romertall.",rect3k8POpaQkQEax,,
Armstol,Stoler ,Hotel Victoria,Blomqvist,,April 2020,1000,Glastads Samlinger,image.png (https://v5.airtableusercontent.com/v3/u/54/54/1781287200000/k5q5Wi4s45r2tcXd0kMjDg/CemHUgNjZpOaONXkbJnI1mZ9hxybE7WzC2b0SFqvDYQUeQieXhkZqFuN3AD5GfDi90gwYPYlALem2R8cNA-ujSGlxt94yZBhD0Yqr74duFiAPzi1hjKpShhj1OfKQ1W7rtj9xUsYKZYQVpzMI3VexQ/y1AR75h_DASO7WAGXLduhB8BoybvqILG7H3GzR1heb8),"Mørkbonet eik. Hepplewhite stil. Starten av 1900-tallet.

Ryggbrett med skåret og gjenombrutt dekor. Armlener med voluttavsluttning. Stoppet sete trukket i rødt tekstil.

Sittehøyde 46 cm",rec8n4BpOXGmyo6w6,,
Speil,Speil,Hotel Victoria,Blomqvist,,April 2020,1250,Glastads Samlinger,image.png (https://v5.airtableusercontent.com/v3/u/54/54/1781287200000/-14JDK3JWubU091nva_qpg/dHMQvhKCXZfhh4H7ly3HP6zPeaEtp1QAuLUBPuJlwJFtnXZv8hHYgGhC-BTXxSWjJ11I2x0p_Y-V9cK-Wf5PytURPX6OTENnfMQFBWOLpXEonpWPohes4STeF3FgtSNee7kTLnQcuWNm6J3G3ozU2Q/vueXL2OWetMXHzszNuu_kiX8ZPkhPoh0hCuLoDh_zMY),"Norden. Empire. Mahogni- og frukttrefinér. Ca. 1820-50.
Høyde 124 cm

Toppstykke med avtrappet gesimsform. To rektangulære felter med mørkere frukttre, med omramming i lysere frukttre. Forøvrig mahognifinér på skrog av furu. Sekundære speilglass, derav ett fasettert.",recDcwWjel3ucUBhI,,
Stoler og armstoler,Stoler ,Hotel Victoria,Blomqvist,,April 2020,18750,Glastads Samlinger,image.png (https://v5.airtableusercontent.com/v3/u/54/54/1781287200000/0D5FY5S-dCBRnwICzXL7zA/M7QelHKI9pAx5Zu51ThR3-6j3mkKNterA3Im7jixFOh-uQ6URveIWLZzcNkOiqRQ2hBQDWllfeKDbjk-IDQZgs1-8HiNrwQdN-mT2pRNlZI-tNXZM-kTtkat7lwZdY9t5kv2UAlNQXT78llN8pr_8Q/uGVOXSUYVS94dX7UBnhM_bspd3YHB49Wi3A5fLnAiOE),"Regency. Hepplewhite. England, 1800-tallets første del.
Mahogni. To armstoler, ni stoler og én armstol for barn i samme modell.

Antall 12

Firkantede, avsmalnende ben.
Ryggstykker med hjerteformer. Skårne ""Prince-of-Wales""-fjær og draperier.
Seter med sekundære, men eldre trekk i stripete silkestof",reckucbuR8B9exNXz,,
Speil,Speil,Hotel Victoria,Blomqvist,,April 2020,1625,Glastads Samlinger,image.png (https://v5.airtableusercontent.com/v3/u/54/54/1781287200000/QYzdQ_m9zexKaDneNlpDXA/tGe-iSJ-eUdz5Z9vwB9vmgehIQ1Q68ZS6vzhR9EQtoPzokF9LMAelRvYX_dh-u6A8P-MM_eNt-_BIwbThCYIKXSbcnjW-DC_UQoqQhIWrbmdOzop-qigsWyX0WQ6p2lX7PU8vK7DKpbudZUkrwmb4A/1yCaOuSwLmZzDoULH8Sr14vB4R9qW3s28qDfmH-2Vnk),"Lakkert mahogni. Ny-empire. 1900-tallets første halvdel.
Høyde 126
Lengde 54

Gullmalt dekor med bladranker og blomsteropsats.
",rec5Cwis6WJCpB3tI,,
Armstol,Stoler ,Hotel Victoria,Blomqvist,,Mars 2020,1625,Glastads Samlinger,image.png (https://v5.airtableusercontent.com/v3/u/54/54/1781287200000/x7JiyvQ-55MzTUJNcABKCw/NWz9DzZbvnheRra5-ppqzgx7N55u1bRjxganKAOoMDp6l-E1jRNsatOTFPXiGMiMvi8_LS9BmJ4uWYG9vfWSPIziGJ8f6zKpGeIfKb8yGWsyv-9vewKdw_zy9zQGJEiY0qLP9BcMYwwp06F93o0c3A/x-lphuIRVyouVVVzwTlnlEG9HzO3gxi34X5dtR_Nrjk),"Norden. Eik. Hepplewhite stil. 1800-tallet.
Høyde 99 cm
Sittehøyde 48 cm

Mørkbeiset. Rikt formet ryggstykke og armlener med svungne former. Cabriole ben i front med kuleavslutning, sabelformede ben bak. Dreiet, H-formet fotsprosse. Stoppet og trukket sete i mønstret stoff.",recjIrfowJop1Z5jT,,
Sidebord,Bord,Hotel Victoria,Blomqvist,,Mars 2020,3000,Glastads Samlinger,image.png (https://v5.airtableusercontent.com/v3/u/54/54/1781287200000/OCBkLqBfS-SykigfDJ_mcw/0NQv2nVk9Hmt5907gSPuZDDhpT-VjUO10ZdXZ0N-IOOq6ZVXYHhjDPB1Q-ukp7n3LVJ-8EmnsGrnjD0W0-k49jBb4CRHxOP-n-ni9S3shtZ38p3CN-aioOxrz-bAkiB0ivCtJuwRmyopIz8ZoBPhbQ/UgTFN6zesf4l_Yzc5EDewXAtIxgejTvhKht-GXQ-dJs),"Bjørk. 1900-tallets første halvdel.
Høyde 75.5 cm
Lengde 47 cm
Dybde 34 cm

Skuff i sargen med lås og nøkkel. Balusterformet stamme med trepas fot med skårede løveføtter.",rec6B4cHRxUVJRZtX,,
Speil,Speil,Hotel Victoria,Blomqvist,,Mars 2020,1875,Glastads Samlinger,image.png (https://v5.airtableusercontent.com/v3/u/54/54/1781287200000/AxWaW6MbqBlbK_xl4QPbnQ/VFSirb3vvI33RkQC8o1QqiD6BKkdVkzJwMMO3DVadAGagryqLFC8DfFBOyugkamgYD3R9bViy3qgFHr04yPwT-fMX9mCaKele1qQT7Ba4MGk6yCPj5vQyjFPOflW4Dcu0UIDqzIIGcvxzJGpD_hG8Q/JsqrPAxGvdAroy5_Hu74ag95R_pEAtOSmkHh2_7RR5E),"Trolig mørkbeiset alm. Biedermeier. Slutten av 1800-tallet.
Høyde 120
Lengde 56

Dekorert med fire små figurhoder i patinert metall. Toppfeltet med voluttformer og to figuransikter med glorie.",recRohzgQkdQdJWFS,,
Speil,Speil,Hotel Victoria,Blomqvist,,Mars 2020,2625,Glastads Samlinger,image.png (https://v5.airtableusercontent.com/v3/u/54/54/1781287200000/LFkdiIVCNG-vWiepz555vA/Wz-9r9DPIeHUGjPEp4uhosPG6mjdIW22gDokkxXlf77K54PBZ68BBFMjcJwr_UcuD-f_VdmWS0kf6AHJmW_ZPenazxSV-i42sdxd9zJTXeZBIjOmS9eL4PcfBU8N0_OPQXBKJj8ZCNmmL84Hp5UkCQ/ODBln_xKU79K7joI_D8RpZZIRQk97HeeXXQ8AsKi2Zg),"Nyrokokko. Nøttetrefinér og mørkbeiset bjerk. Ca. 1880-1900.
Høyde 115 cm

Avfaset rektangulær omramming. Antatt sekundært speilglass. Rikt skåret toppstykke med gjennombrutt dekor, med akantus, volutter og roser. Skjellornament i topp.",recbIE0FC640KYz4w,,
Marinemaler,Maleri,Hotel Victoria,Blomqvist,,Mars 2020,3750,Glastads Samlinger,image.png (https://v5.airtableusercontent.com/v3/u/54/54/1781287200000/ZrK5I_lXIqrIuXvkN0l0Tw/Dg7-csqLHSWARx5FRc3BaDU3EtUGE_XKiGMrV5vZeJZU09XNQyfl2u3SLeYkOXPmdTpUTJHW4fOsLPtr87oPuzffp1bg0S3ckrabPE2DLV-mjPeuTgKSkvgSsOAjsRluHryPZF9GGwnjwnFVtSxdOQ/d9oC3OUKGOMHPSFP5jlavd8TR8KmT9_kce2q-Ey0epk),"""Thomas S. Falck af Stavanger, captn J.H. Jacobsen Queens..""
Olje på lerret, 60x87 cm
Usignert
",reclF4Ws6DXEa2H8S,,
Antonio Nicolo Gasparo Jacobsen,Maleri,Hotel Victoria,Blomqvist,,Mars 2020,19375,Glastads Samlinger,image.png (https://v5.airtableusercontent.com/v3/u/54/54/1781287200000/98xKvsCv11BLDLn-18B-dA/No2lbwqt9Xk32IVjOmRbikg5nXov3AmpiEMuNC4Njk0nW5Z71oNAJcmruE9_FS3C-0fcCTGHEvsfdn_j3ZlOv7DcL47SDc_pxkQaZww2ihNF_hRBLPjfjtEBVTvtF2oRRcpLzgyqbtsY1_88Yvtkug/BpLuuIH4CZ45uWR4akvydzqhwMd2xLDhyP3xET6Yd90),"dansk/amerikansk, 1850-1921

""S/S Navigator af Stavanger, Capt J.H. Jacobsen - 1902""
Olje på lerret, 56x92 cm
Signert og datert nede til høyre: A Jacobsen 1901 West Hoboken NL",rec6t8foP4Pfh5maC,,
Armstol,Stoler ,Hotel Victoria,Blomqvist,,Mars 2020,1375,Glastads Samlinger,image.png (https://v5.airtableusercontent.com/v3/u/54/54/1781287200000/r0HEHIELlKX-rrPtczou-A/lK7GmuYPYAtmHU35ptywyuMfa6qGfpaWitXvMaQtpAH-cXvrsZvJjviTgIFTLXCeXZJtSnb3JPTGkegkbANewEq6Ml8mswNEIK4DJsjRiH-klpdwFfcvBUs-E1w7fSDdxjclSnWH8sidGEN9_r4yZw/VUNshofsWSouu3aD6wCuFxrEs_-yq1y7mji-SKBjseo),"Trolig England. Mahogni. Hepplewhite stil. 1900-tallets første del.
Høyde 90 cm
Sittehøyde 45 cm

Rygg og armlener med svungne former. Rikt skåret gjennombrutt ryggbrett. Skåret rankeverk i relieff på toppstykke. Rette frontben, sabelformede bakben. H-formet fotsprosse. Stoppet og trukket med hestehårstrekk av flettet type i ulike brungrå nyanser.",recIsAV0MbUTNmpnX,,
Armstol,Stoler ,Hotel Victoria,Blomqvist,,Mars 2020,2625,Glastads Samlinger,image.png (https://v5.airtableusercontent.com/v3/u/54/54/1781287200000/IFF-LumTqpNOERS1qu5qaQ/zUqX7GkveCIqL1kTbSwFzgUxhfYHo_Ss7Vy2P_WDHhDmX_2YYhUa0vmefJ3fJVHN0hjBvgFYVe1ffOC1wfvs60rxI2NejqoUl4Il_vY9H744wTqW7K56NdoTqVFir-2svaw3T6sCMEJKLnXusy9WAg/jkYSX7eFxmre1jp5la8PTATh8evm3bNB0qXawqlJ4rs),"Norden. Eik. Hepplewhite stil. 1800-tallet.
Høyde 95 cm
Sittehøyde 47 cm

Mørkbeiset. Rikt formet ryggstykke og armlener med svungne former. Rette, rektangulære ben i front, sabelformede bak. Fotsprosser. Stoppet og trukket sete i mønstret stoff.",rec2RsKcTuCLRbNZt,,
Olaf H. Lange,Maleri,Hotel Victoria,Blomqvist,,Mars 2020,6500,Glastads Samlinger,image.png (https://v5.airtableusercontent.com/v3/u/54/54/1781287200000/_fuxHSts6dZI43PADm0MGA/FBar9uKBZLj_Fe5qiwBwDy-lKj5rdj_jGdt-svtR_CMMV2JfsU5v6JJMBi3uE7DlXb6Pbh77pcPA4q_SJ9qHlsdKFBaCOTkfd8gQxw-w_0bbNk96NY6oqWVdNnOzQua6mQwJxEsHiaM3HXEmig5L7A/WPKUEaOruBaPM687Z1_vAVU2BHflvF9pibwX6WhOJOQ),"Stavanger 1875 - d. sst. 1965

""Grønt landskap med fjorden i bakgrunnen"" 1943-45
Olje på lerret, 35x51 cm
Signert med initialer nede til høyre: OL


UTSTILT ""Makt og mytologier"", Stavanger Kunstmuseum, 2. november 2018 - 22. april 2019, katalog nr. 88",receBlsylEyDLNASR,,
Armstoler,Stoler ,Hotel Victoria,Blomqvist,,Mars 2020,6500,Glastads Samlinger,image.png (https://v5.airtableusercontent.com/v3/u/54/54/1781287200000/mHXTruvZeQZ7ecGaDComZA/DbH48QRva8YE2nV5I59L0j5cE5nlqk5rJgrzcaU0WNQebC9LemnDRPB0XVhz1JDssSzfuj3sJgZN_fRO6CLh1UJ9lEJvCbq2vzTcRHt-mKUfg3VbweudsV7BxEg32CdiAGIoq9QwnwZpWCwonaQ9Xw/t9uHhtGXwLqNKwM6iskzuA3yctSjcsXUAoqWteMe26Q),"Barokk stil. Et par. 1900-tallet.
Rik skåren dekor på ben, armlener og fotbrett. Skårne dyreføtter.

Antall 2

Trukne i grovt, stripete ullstoff.

Setehøyde: 45 cm",recCCWy1zUVBj5woQ,,
Armstol,Stoler ,Hotel Victoria,Blomqvist,,Mars 2020,2875,Glastads Samlinger,image.png (https://v5.airtableusercontent.com/v3/u/54/54/1781287200000/yruEeDbLgMVU1nP1nt56Bg/isC_67KemshwNtyNGTg96z9P8Migb0f7xbMtG1lLyfZQRUgm4ZzJYnU9RNs2gCgBLEjDkXGLhLy-Iu-ujJ-LbZ3HnmLAB9o41Rqwu91NbV4m1ZnB0BGOVdoJkTD_jx4mIY05KpDQs1YqeUNmhXBPNg/y6Jl0l7ldiwhJFYsglo3hrBctR9SXvyTviZ6kmQmwVA),"Rokokko. Bjerk. Norge, 1700-tallet.
Trehvit. Cabriole ben med dreiede sprosser.


Fiolinformet ryggbrett.
Ryggstykke, sarg og ben med skårne skjellformer.
Sete trukket i rødt ullstoff med kobbernagler.

Sittehøyde 46 cm",recVbQA05XaTfj84u,,
Speil,Speil,Hotel Victoria,Blomqvist,,Februar 2020,1875,Glastads Samlinger,image.png (https://v5.airtableusercontent.com/v3/u/54/54/1781287200000/nFZL5ZchUcMojv6QsPgBRA/gpkGMocO3yCEdCijdXE5t0VdHjKmdp0F2Pu2z74xUTRblsoormKsBqzAwbN_pxK_NeOtJCsqOnP8nwz5OHYdOmzfzZO9HMsJz5FSWQWkgoJbR8Sae7OhXc1RErk6df2Yz1J2MicYArjtNJ0Fd0hEug/aBZ6NY8xhR2THqu7R_CIKFAl5die6xGhx4y53xsejJ4),"Trolig Danmark. Louis seize. Tidlig 1800-tallet.
Lengde 105 cm
Bredde 43 cm

Furu. Rektangulær profilert omramming, rikt skåret med perlerender med gesims i topp og bunn. Gullforgylling. Antatt originalt to-delt speilglass. Sekundært påmontert toppstykke på 1800-tallet med pålagt dekor med guirlandre og festonger for sidene. Innlagte motiver av finkefugler bak glass.",recCWG7gzH5hCKzDS,,
Aristide Chapurot,Maleri,Hotel Victoria,Blomqvist,,Mars 2020,3750,Glastads Samlinger,image.png (https://v5.airtableusercontent.com/v3/u/54/54/1781287200000/j56BZUBRQKxfmGQrNigDag/ottmoQhO4O3-iFOQvzMBj1QAqccIOMd4swpTSK6y1F6fba71ONRtcub-CRTMxr5yfmRRFUIkjJWbxcP2RF5tgcBQ0SDafPjU1rdkI5ik997r4dBgcyFVngFqRV-d2nInXS3ZlfkOHxu_uskUyVQfkQ/XKb1LghVRDGtyUbS_dBU6chbrdjbIxZ3QXcZ1Wv8U8c),"fransk, virksom 1838 - 1849

""Brig Enigheden ført af J.S. Rolfsen fra Stavanger"" 1840
Akvarell og gouache på papir, 42x60 cm
Signert nede til høyre: Aristide Chapurot à Cette


Byggeår: 1831
Verft: Sandviken, Stavanger
Rederi: Abrahamsen & Davidsen, Farsund
Hjemmehavn: Farsund
Lengde: 76 fot
Tonnasje: 184 (brutto), 161 (netto)

Kapteiner:
1831 - 1841: Jonas S. Rolfsen
1841 - 1842: T.P. Randulff
1842 - 1844: A. Brekke
1844 - 1846: Jonas S. Rolfsen
1846 - 1847: Johs. E. Gjemre
1847 - 1852: J.R. Bræchan
1852 - 1865: B. Bjørnsen
1865 - 1873: T.L. Gabrielsen
1873 - 1878: A.F. Fredriksen
1878 - 1880: M. Andreasen

Kilde: https://www.sjohistorie.no/no/skip/8637/default",recLD4wXz37F9GRv5,,
Stol,Stoler ,Hotel Victoria,Blomqvist,,Februar 2020,2625,Glastads Samlinger,image.png (https://v5.airtableusercontent.com/v3/u/54/54/1781287200000/8e6Sji0ugiXWEZWd2SOJFA/ZKMrcGTtYpeR3DgEkG1sgBWkK_s2551PUz0AM2BnBQzKDloLlfkR-RyBsdTh6DEzviP-QdjstPO_vGwVhUpg6IfNettOLNo392yWLnVTIwVoLpPwnnEg8FrkdGfBGjDoI4SGE-rvKDedkSwSaD810A/owQCMrtRf_yGIZKEq4WhiOwwPfkxTYiXbQ2Oi1c0FLw),"Rokokko. 1700-tallets siste halvdel.
Cabriole ben smed svungne sprosser.


Fiolinformet ryggbrett og svungne ryggstolper.
Sekundær sort maling med konturlinjer iog dekor i hvitt.
Løs seteplate.

¨Sittehøyde: 48 cm",rec3NqhalGNSi1YtF,,
Speil,Speil,Hotel Victoria,Blomqvist,,Februar 2020,2500,Glastads Samlinger,image.png (https://v5.airtableusercontent.com/v3/u/54/54/1781287200000/y4qJ2rLrER_JqP1z6Yxb3w/rrsh7U8VEuaMYAiLmhKDxnXd9HJmOwI5uJT8XhomPfKp7dT-kkVltdqlhthCe49Cnie5EryfIAt_aWx4ojid63Wir6r8yFry8ASrSEDVMp0fAU-fsSktnBFFwB_eiBQxbRj3eXFjbPXrh7GlY5vAhA/N_UnLi2ftMI3OQN3mkgjNFHnvR3VkCh02z0wcF-3Vho),"Norden. Nybarokk. Masurbjerk og flammebjerk. Ca. år 1900.
Høyde 120 cm

Rikt formet omramming, med skåret dekor i form av fletteverk, rosetter og ranker. Søyler for siden. Toppstykke med våpenskjold, guirlandere, løvverk og volutter. Ovalt originalt fasettert speilglass. Skrog og bakstykke i furu.",recKwgfY2heWU07Xh,,
Speil,Speil,Hotel Victoria,Blomqvist,,Februar 2020,2625,Glastads Samlinger,image.png (https://v5.airtableusercontent.com/v3/u/54/54/1781287200000/ARbg_wP6gszA7xhUuOO6fA/4EBdXOHJw3vTPuHLj3KvD177wSJRisbgpZgLzz9iEGuziU6OeWGScE2pH2BnqcdBjtl-12_wueraNaigSGNaG5w-p-1bDGRndc8sqYGC7i6sIHqV5rAEWNWFRFNaodY8ogc1aRaJpHK4gPLb2P8Wzg/S5i8W1bgaCOfTKwr3LXOhMGhLoOLsUgODtgFWXPNCys),"Louis seize. Rikt formet. Nytt speilglass. Ca. 1900.
Høyde 55 cm
Bredde 33 cm

Rikt dekorert med horn, krans og hjerter. Perlerandsomramming rundt speilglass. Nytt speilglass.",recxwZZrFXv4bUNcm,,
Speil,Speil,Hotel Victoria,Blomqvist,,Februar 2020,4000,Glastads Samlinger,image.png (https://v5.airtableusercontent.com/v3/u/54/54/1781287200000/uXtKMfRcdWGi3SpKtOkdcQ/bA0KfDKsRclljN8qFxpJ34_e2vmvFgLsr86Cap5ALlQpcXlcCI9bwcOH31XtTUpCdKM9RmUQ-u2Kb-DHXlPr6Mnm6TOFA-jjEzvFo22XUpFgT9CRhBSo5VQyEeujKQp8DqR0IEN56yb1nsAxJaL_zw/RgCqb9LA5ZiKwpgQR2zg3gSXSDv1wuZWyFSUQPhaEUA),"Sen-empire. Slutten av 1800-tallet.
Høyde 111
Lengde 45

Mahogni med innlagt dekor i mørkere og lysere tre. Dekorbeslag i forgylt metall.",recAM4lPzn8Lg2nrc,,
Speil,Speil,Hotel Victoria,Blomqvist,,Februar 2020,3625,Glastads Samlinger,image.png (https://v5.airtableusercontent.com/v3/u/54/54/1781287200000/c0pyUnKyA-7BNfSePi13YQ/zOXKUVuOEET0TxaOppCYuUIcitC3mQYrDfELaKNWuRLFbF74EaWLPs4jOVoPCmv59T1u6uMqc5HLdGLNtq6kjHNfqjkvtIzH0YNMWfWDmSLmP7PxQR8DcqVT00lx2mjUr4wRZWSC2_z6TjJZKS6adA/tF8_y5tk5QQbAVa3sNGxOq78u7e-4z-JLNP-xEPrV3E),"Barokk stil. Patinert messingblikk. 1900-tallets første halvdel.
Høyde 61
Lengde 35

Rikt drevet dekor med ulike border, skjell og blomsteroppsats i toppfeltet. Fasettslepet speilglass i senter, samt speilglass i sidene.",rec6Gwn2LXwMFnZz5,,
Domenico Gavarrone,Maleri,Hotel Victoria,Blomqvist,,Februar 2020,6250,Glastads Samlinger,image.png (https://v5.airtableusercontent.com/v3/u/54/54/1781287200000/_oe24SZsU_RR92lxUGJm8A/Y4156zsBoWSC4jmsUJ6cOK-yg_uEL0CMaHY-69yVoLuU1BtWCYhbT76qSjDZwXClN7Bb0Op6j2xL8DTI05XW4RuPbGn1CG1oXQTUzwA5Dos1bLHwuLsPCLaYcMhb0qQhGO5QeSKcHPlblOD62K8Kbg/WN3Di5C0rojscVK2gEs86HTw0nju0zvEHTuYPkvO0AY),"italiensk 1821 - 1874

""Brig Helmich af Stavanger. Capt. E.S. Gabrielsen"" 1853
Gouache og akvarell, 49x70 cm (L)
Signert og datert nede til høyre: Domenico Cavarone Genova Settmbre 1853
",rec40uTABjI93TLlP,,
Speil,Stoler ,Hotel Victoria,Blomqvist,,Februar 2020,2000,Glastads Samlinger,image.png (https://v5.airtableusercontent.com/v3/u/54/54/1781287200000/Jta6yScaYi_8fFw5ngns9w/f6fYG0TQKfNKi-vFO4xClGAsHpNraK6NFj4bZxTOZi8EHMVpSV-WhyQd5-c5_KVlphpDJbGudOhmK2se2C50LQtuFHu-y4QRVOvq6o8WKLwfZu70rcycblb7WLHRqDjg69SPojUFXmhIBgkcBqRIaQ/JR5bIaddRg3ec6wkRWubkBRVm8nYmeDaNf970SJR7Yw),"Omgjort billedramme. 1800-tallets siste del.
Høyde 82
Lengde 65

Nyere speilglass.",recAxIhgTQxVUmzFP,,
Stoler,Stoler ,Hotel Victoria,Blomqvist,,Februar 2020,13125,Glastads Samlinger,image.png (https://v5.airtableusercontent.com/v3/u/54/54/1781287200000/0uPl2rPCjhFD0YtO9pFpkA/GdMY5_oaZ17tGawpVCk6XZgtm51fSFbcSBgblmBwSK0OXnptIpK53XC9dz0JmbPQPagiK6bqhqmIk9Ua8Hmy2VrR_mj6D75PjSG9CMG31-nQpx0CLoGmG1W0JsSiuTay7BH3hzjSQYYdO-6BJwBqFQ/dc83LVzYEirCFv9K1TFywZbNsoB99_gdx4j4xN5CRJI),"Mahogni. Biedermeier. Slutten av 1800-tallet.
Antall 6

Ryggbrettene med skåret dekor i form av bladverk. Kannelerte, balusterformede frambein. Stoppede seter trukket i mønstret tekstil.",recXyIYbRe3VXmHUO,,
Armstoler,Stoler ,Hotel Victoria,Blomqvist,,Februar 2020,3875,Glastads Samlinger,image.png (https://v5.airtableusercontent.com/v3/u/54/54/1781287200000/_qqD91IXVsTdrbzz2yZc_Q/hnG3vDCssQfRm-x_qBcd9JEZPK3LvipnVqsT9tdoCiNrwJWZkVr72N1q-lziep-kZZNhjGWzQjFYcbvVc5_9m5o2DscQRcN3kgg8wCsk0NMqxN3wib2N_Oe25E0TEalLltXFywZxbvDPpQzNWV1dbQ/UpPaweSfXSJr3kFQtoda9wYpnnle3EZ7DtUOpHhrh24),"Hepplewhite stil. Mahogni. Et par. England. 1900-tallet
Antall 2
Høyde 96
Lengde 65
Dybde 46

Ryggbrett med gjennombrutt dekor. Svungne armlener med ""shepherd's crook"" avslutninger. Firkantede avsmalnende ben med kassettavslutning. H-formet fotsarg. Stoppet og trukket sete i mønstrete, grønt stoff.

Sittehøyde 51 cm",rec2FFvGLmGANWlsE,,
Stoler,Stoler ,Hotel Victoria,Blomqvist,,Februar 2020,6500,Glastads Samlinger,image.png (https://v5.airtableusercontent.com/v3/u/54/54/1781287200000/L7wf3Z0rSTjd9wZBbTNRDg/Zzrfo3fib1oL7cKfPoVqFrDwx9Gy1Cbcg5vNVEINn6W4J4caFXUYRfDaI6Hdq4qF-GOP72F6NjchZj6tCgBJaULdGdsVjpgcusNXPRU4qm_6zZKbDhFc6fpHyB7TAtVaqTe88uQNKYJ5n48CvZGn2A/-eBN75grFIH1y1TZXYXn6tVHp6nINYJzMMsb1E0Yg3E),"Louis seize. Et par. Trolig Frankrike. 1700-tallet.
Antall 2
Høyde 87
Dybde 46

Skåret dekor rundt ryggbrett, på armlenene og på øvre del av ben. Kannelerte ben. Stoppet rygg, sete og armlener trukket i rutete ullstoff.

Sittehøyde 42 cm",recGXkzd4QdV8SwNF,,
Stoler,Stoler ,Hotel Victoria,Blomqvist,,Februar 2020,1250,Glastads Samlinger,image.png (https://v5.airtableusercontent.com/v3/u/54/54/1781287200000/VprLB1Oya3_gPqiFTRIBBQ/nPTyr-t7WDd7iN-i3doPhg6FSRbblTXkuRrnfcVZvXTXmr-uzxRi5O6DpCYPGBXcEGRQcOUEPZx2VmkiQxCriiPrv7zFFEXOQRH9MqV_EAHlSJ-A33mIQmme8QtzMfG8wTpxClDjpJxdou5J5UK2Jg/iiwHEEYehw6OZufeaLdArBj_rdfbXfxNw4wdVeyYSUo),"Biedermeier. Seks like. Mahognifinér på bjerk. Slutten av 1800-tallet.
Antall 6
Høyde 88

Svungent ryggstykke og avsmalnende, snodde frontben med balusteravslutning mot setesarg. Sabelformede bakben. Stoppet og trukket i brun velour. Pyntebånd.

Sittehøyde 49 cm",reckU6hG2QxFixEZ2,,
Stoler,Stoler ,Hotel Victoria,Blomqvist,,Februar 2020,3750,Glastads Samlinger,image.png (https://v5.airtableusercontent.com/v3/u/54/54/1781287200000/G5OhUGpwQmwUmUMPH-1rhw/zJvODZNdRR9AYtUuPk8QTWxC3iD9Dr9t4ul-DOgFM6yQayV5kWtBJsHgj1FcRXHUbfle_AjZ5V4UIcqxKK0lrh6uj-FYHq9IrfJlHKA-3s3cMkzufR_GQ1aQ9gJ5xgbZHGPyAUHFWHaqrAoet8lR7A/5vFf_ii5uRLLpswdqwnrgA_moRHekSZN-6UCd3_rjjk),"Rokokko. Et par. Eik. Trolig Danmark. 1700-tallet.
Antall 2

Skjellornament på ryggstykke og setesarg. Cabriole forben og dreide bakben. Løst trukkede seter med ulikefargede prikker.",recDcPVYHNECMaUda,,
Stoler,Stoler ,Hotel Victoria,Blomqvist,,Februar 2020,25000,Glastads Samlinger,image.png (https://v5.airtableusercontent.com/v3/u/54/54/1781287200000/9XR4IiMdQI7N8R1-W8hXWQ/vIHCBvabCOxIeK4NZozN86xRaUnCVZVp6g1igGzW8QdPv3Gw8vgYrqwBSKCm27L7WT_JcUFrvLCyfKxVk1dE5GFTP5s_fO6RLkCtjJ1wRDktGNQzUgADeC7lJWjQdhVRceGkfSx9E3SLwTkatCAe1A/_bMrGOo4un6MwMUBrcqd5dcjpp05rfx2v0fBvohkaHw),"Sheraton. Mahogni. Seks + to. England. Tidlig 1800-tallet.
Antall 8
Høyde 98

Ryggbrett med gjennombrutt dekor, skårne festonger og rosetter. To stoler med armlener. Firkantede avsmalnende ben med kassettavslutning. H-formet fotsarg. Stoppet og trukket sete i stripete, lyst stoff.

Sittehøyde 48 cm",rec5eBDavXHvd0XFa,,
Speil,Speil,Hotel Victoria,Blomqvist,,Februar 2020,3125,Glastads Samlinger,image.png (https://v5.airtableusercontent.com/v3/u/54/54/1781287200000/aJJw1pxwJNMFg8gRpALs1Q/QGRSBQ4QADVf95vwGLqjVRD3NFPdCHmvKxYg8cpmQt0R7SrhCgrDVhvrjd_5-Y56Kze3w6cy32PCz7mOe7kCLAF_zX-oWDlxiYm2MVk5Sxkrw1FwJ5Fn6DGks3su2Z4W4zJB9ksJT8sVVZKk_AeyrQ/qdTugMKKHUMVMxHP37wllZmavvRkTSFLaaKsi997rWM),"Sen-empire. Mahogni. 1800-tallets andre halvdel.
Antall 3
Høyde 130
Lengde 55

Innlagte dekorfelter i mørkere tre. Dekorelementer i gullmalt metall. Sortmalte lister.",recPWdWMpjkkS1NMh,,
Piketitter,Speil,Hotel Victoria,Blomqvist,,Februar 2020,1750,Glastads Samlinger,image.png (https://v5.airtableusercontent.com/v3/u/54/54/1781287200000/4bFJwvzeFrsiSQ4gPWdQFw/M8Put438hR_4ycxGsbWDCr1NUmy72KwSL_-LiH5CkGRC0uMbGLSglD9kdLYEKmwYeuWjTrbHVediFs-o6bt_vbFC1Cpyn5JtdBAR4BXBZumeyiez6Y5r42eKFnkSwuhaJ4MYcGEiHlo_tCxzNylfVQ/4lgTQSzTutirM0_Q7p7HTbvUdC15AUDxGckumf4sGhg),"Norden. Biedermeier. Bjerk. Sent 1800-tallet.
Høyde 71 cm

Vippbart, rektangulært speil. Skåret akantusdekor i topp. Dreide balustersøyler for siden. Skuff i nedre del med dreiet knott. Mørkbeiset og lakket.",recv2eHwOlsu90cWu,,
Speil,Speil,Hotel Victoria,Blomqvist,,Februar 2020,2500,Glastads Samlinger,image.png (https://v5.airtableusercontent.com/v3/u/54/54/1781287200000/j-1bhuLwullYI2EPvvrN3A/vedLNvZRPx_piITnMd7QRLq4g63xWZiUVwwHuMzEYz09xGRrvMtYIgEYzWkWSwypc1c3S0K7_9YRot8llkLzGvUuniPNALOI0NP-7A_6hkPkOAwHeQvrJky5uLGC7rAsZXNRAAGNxIz_XIxCjXBaqg/PABikJ0MNp1WP0YLAnfSJ9wQfZ5hQpWLmX_-vcrdfy0),"Sen empire. Et par. Slutten av 1800-tallet.
Antall 2
Høyde 107
Lengde 43

Mahogni med intarsiadekor i lysere og mørkere tre. Buet toppfelt.",recX3sSmLK84y2D7F,,
Speil,Speil,Hotel Victoria,Blomqvist,,Januar 2020,2000,Glastads Samlinger,image.png (https://v5.airtableusercontent.com/v3/u/54/54/1781287200000/Gt9MIo_PC344Y2CTPtYMpg/POxCNMS99lBvDjk77uCy2WP5-Hp36Q89X2w12Kp1WKYoCBZD7m-VOytX1w4O5SMpvWQ9c0XR3EdbMbj_xpz_9S0h2wDuZKz-EQDTtbUsWsr8YMdU0yvz40dmPsjTBUUqPId135plo__0ay0mpJzBqw/s4xy8Cqq2axr-V15GIH6CBHc0iNCMpPD46aewR4FzlA),"Gustaviansk stil. Malt i gull og blått. 1900-tallets første halvdel.
Høyde 100
Lengde 44

Gipsornamenter.",recDuvhXRonZXKg0U,,
Speil,Speil,Hotel Victoria,Blomqvist,,Januar 2020,1375,Glastads Samlinger,image.png (https://v5.airtableusercontent.com/v3/u/54/54/1781287200000/heSJk78Cg4hFd-KMJI2NxQ/rOkMaqTMRPCXD6V8NF22jswh4qlrG5aCoZUKPoCNGd4dND4NENyUXv_6YZC60t4W--jisLlZ57KQzVwHZxxJi1sYiCuP1ZyWidxu9U_io5-YAZRJ8vg-Jy2aLHvoi8LwiTl45EnHtm6qwakby8X4cA/8chUqNCgmE-SJCJyOZSNSnrZ1i_73bMbwZiwMyz2Kww),"Empire stil. Slutten av 1800-tallet.
Høyde 80
Lengde 37.5

Mahogni med innlagt inntarsiadekor. Gavlformet topp.",reckFCC9vp9UitQ1S,,
Speil,Speil,Hotel Victoria,Blomqvist,,Desember 2019,3250,Glastads Samlinger,image.png (https://v5.airtableusercontent.com/v3/u/54/54/1781287200000/Jxxhv1qWpOl_PtSGdwqnyQ/uA3_m5KKc-UFPkP81tfIo612nQpN-pgk2PUw_LQzsllGd8iLl7Vb7PTyCyu0ognVnhkhr1nzMJlF9rYfwboxToDpUFYRMO57V0CfUh1o1xXDYEJLrgb8zqO4jXl2VBK6d0s0w-2XNUGLmj5RTglDMA/Byks30lAdEw7mxdQycFCNeu_mcGcOT0Aa_On_QJKwJk),"Louis seize stil. Rikt formet. Gullmalt og forgylt. Ca. år 1900.
Høyde 94 cm
Bredde 54 cm

Gjennombrutt toppstykke med fredsdue, krans og horn. Profilert omramming med perlerand rundt speil.",recbc1Vm0Q8EFu19U,,
Speil,Speil,Hotel Victoria,Blomqvist,,Desember 2019,3250,Glastads Samlinger,image.png (https://v5.airtableusercontent.com/v3/u/54/54/1781287200000/2qjF1t7dpHYRBAaUKhMoYQ/4j0vPCWxeYrDYwuIbMluogkoDAeQZIg2yEtof8DZAVjqXGXivl-k41bgW1Y2FJtHIq1oEpUci6DFAbHHWYk5fE_eMtuOM9JI0ZPYr7hyy1D_Ef35m_E98qHWu4M94_sXsA2gPzIpHRDKfzSGCMCOaQ/mczDg-2mAXx1X1hyZUO9-daq-AP1WuPTmjQ6tju8i5E),"Louis seize. Rikt formet. Ca. år 1800.
Høyde 77

Medaljongformet med rikt skåret omramming og toppstykke med blomster og akantus. Gessogrunning, forgylling og malt dekor i gull, med sort staffering. Antatt sekundært, eldre speilglass.",rec4Ihg8MK15ecTSt,,
Speil,Speil,Hotel Victoria,Blomqvist,,Desember 2019,2125,Glastads Samlinger,image.png (https://v5.airtableusercontent.com/v3/u/54/54/1781287200000/ISRXike0_vJJucYH8X5Ihg/YQfoef1oA1VLGtDE7fWIeHGxefGv3Xm_zqIpArfv8j3ualfWHQ0yFdm9uiP_EPSRNtZkQ3i76FbHTB_jJS_OR9AkONFhTmopuAZaO7Tz20Vht9gWrV2MkWcC_oSI29MHvxfFkbxN3Gp5xdKwewT6OQ/clxLxeWa8orKom5-aYTj-v2TdgQihWKOGHa1xmytcew),"Mahogni. Sort og gullstaffert tre. Senempire. 1900-tallets første del.

Svunget toppstykke. Dekor av gullstaffert urne med frukt hvilende på to fisk over speil. Fasettslepet speil. En sort og gullstaffert søyle på hver side av speilet.",recTCHWPkqpjvHuQS,,
Speil,Speil,Hotel Victoria,Blomqvist,,November 2019,1000,Glastads Samlinger,image.png (https://v5.airtableusercontent.com/v3/u/54/54/1781287200000/9KqCUKEwdT_UGRkVFBryDQ/9Zt7OTA_SxWLQ7mWqgJKhdOuwWTOm6GahH0c2HNgXHMa6RRFw-qBtGzQ54ea-jYihHoYiqSkk0wA1KpYFUjjFPqmBClNTlUqwQs4h5z0WcHzX5rfzAJh00rCepsxAR3pg-XCrh4P45bVjYtN1Dbx8A/c_fumr08Ao1dA7Jg3RBmmxQndik6gNGh0656FFV_rc8),"Sen-empire. Mahogni med innlagt dekor i lysere tre. Slutten av 1800-tallet.
Høyde 100
Lengde 39

Gavlformet toppfelt. Sortmalt list i øvre del. Dekorelementer i messing.",reccIlf99VdDxl0rn,,
Sidebord,Bord,Hotel Victoria,Blomqvist,,November 2019,2000,Glastads Samlinger,image.png (https://v5.airtableusercontent.com/v3/u/54/54/1781287200000/Oqau7GXRsFpgGOMCTrl6PQ/P9jjPWalmGO0L9OLKByTY0nMKelFEK7v8rekR3r-aJQ9PEA6TKhVdMGXmt43xIN6Fb_-zjq_buSIfDONMN2bf-b45ngUM7O69YkQoAOtWnFnUOw8NHGuVVbwMyn1LjjAE0tLxDFhBuyQChCzev8t4w/kPUNsVaemT3rNDeB8DoswnjhZrWgr7nlWBRzqXIgEbI),"England. Early Victorian. Midten av 1900-tallet.
Høyde 54
Dybde 38

Lyst lakkert tre. Skuff i sargen. Innfelt sort, preget kunstskinn på platen. Løveformede føtter i messing med trinser. Klaffer for siden.

Lengde 44,5+14,5+14,4 cm",recuXEZPaYQmUveBu,,
Speil med konsollbord,Speil,Hotel Victoria,Blomqvist,,November 2019,6125,Glastads Samlinger,image.png (https://v5.airtableusercontent.com/v3/u/54/54/1781287200000/5oZLJBU1zX6rPBQsDCfixA/q3sKaJehwDDtBJHByNNUZxKi9pEUC4A4yVvs5tBIMUVAr79siP4haBrm1lmSjR93dR83yru9YUsy9QeIw9Lyfi73jxuEYEB4nl2wYLzhF_NnPAhSdf7ONnc-WhNq8vXKVXe82KRSDLqGapCJHFy2qw/B_GmGY809AlTAkky65UBZV-a6uIfcAg9qAduV_3tva8),"Rokokko stil. Rikt skåret. Gullmalt. Ca. 1900.
Antall 2

Dekor med blomster, akantus, skjellornamenter og rocailleformer. Gjennombrutt toppstykke. Fasettslepet speilglass. Profilert omramming. Gessogrunning og gullmaling. Konsollbord med svungen plate. Cabriole ben i front. Topplate i hvit marmor.

Et speil. Høyde 205 cm Bredde 78 cm
Et konsollbord. Høyde 58 cm Bredde 81 cm Dybde 31 cm",rec6qrTP4LVnDGK0d,,
Nattbord,Bord,Hotel Victoria,Blomqvist,,August 2019,1375,Glastads Samlinger,,"Biedermeier. Mahogni. 1800-tallets siste halvdel.
Buet front med skapdør. Avrundede hjørner.

Høyde 76
Lengde 43
Dybde 54

Glassplate på toppen.",rectE3CDhBVzY8mAi,,
Skipsbord,Bord,Hotel Victoria,Blomqvist,,Mars 2019,8000,Glastads Samlinger,image.png (https://v5.airtableusercontent.com/v3/u/54/54/1781287200000/ZYc_r_HFSKKnattvpXDvZA/qgiIUH403HrKaMC34adfW5ExoKVTJbCG2O8YtAZNGl34kX3AfxmHs3lxpeGCDofhHkAGUklY74lmYiUhBRPZT_I9WpBHEN6O1JpyfZSKbTWLGqyLyH2caBExqwNUF099K2-EU6l2qHD4fRD5AcTknA/_QGp3FKQWoECRXqzJrkmutXj-pyGLcpH0Hw4Uvbvit0),"Mahogni. 1900-tallets første halvdel.
Høyde 75.5
Lengde 239
Dybde 86

Søyleformede ben. Beslag i messing. Montert med plakett på enden av bordplaten: S/S Kildonan Castle 9688 Gross tons Built: Fearfield Co. Glasgow 1899 Arrived Stavanger 1931.",recaRzCd1Vn4Ux93M,,
Lenestoler,Stoler ,Sola Strand ,Blomqvist,,Juni 2024,8125,Glastads Samlinger,image.png (https://v5.airtableusercontent.com/v3/u/54/54/1781287200000/voKTp5MwL9fYqBd35TN79Q/ZuZfAs_BFUhBuAbyCsERTiyvFMeLHBeTrplWFNg9mL5SrqdiQb6o_3wAynSSpUGRvbWApmumiNyV8NgzGc5esF_KfyhELogaS8DqFqGTRDR1x6P5TJwxmiwNw1a_yOuyM9tYPj8LzCHao9_wDIGMlA/LuBKs8-GXFSMmWueIz668EFHFQOLJD7vSfeb57pbX0E),"""Oxford 10"", Møre Lenestolfabrikk, 1930-tallet.
Antall 2
Høyde 76 cm
Sittehøyde 37 cm

Patinert rammeverk i tre. Rygg i flettet lær og sete stoppet og trukket i rød tekstil.",recVwuswepnikCzSZ,,
Skjermbrett,Annet,Sola Strand ,Blomqvist,,August 2023,2250,Glastads Samlinger,image.png (https://v5.airtableusercontent.com/v3/u/54/54/1781287200000/oy372AaH5muJjRRErQCYgQ/NIdBoC3tAdHZCajKV2qXMyJXj58JltXyKk0WxHYurhapepTX7nJhGKWJPIRRjEZSukSkuLHz8EIm1j2YmVyxlc62vvRF7-ZLTvscZg79JeZQ78jEVM2ItQ0yuorwU3afnkUCdbb3Ct_ceAHxMpGV2Q/PBNlnWoOYWUMCVVFLLNcdpOVWk5a2SxGUvbVFHTdma8),"Art deco, 1930/40-tallet.
Høyde 111.5 cm

Blikk med sjablongmalt dekor i gull, blått og grønt. Tre paneler.

Hvert panel måler 38 cm",recqgwAMzF8mifn5o,,
Skrivebord,Bord,Rederiet Hotel,Blomqvist,,September 2025,7500,Glastads Samlinger,image.png (https://v5.airtableusercontent.com/v3/u/54/54/1781287200000/BXlUZNO66rMn1iCVd4gwYQ/c2uRJLn-A4Qz40Uq1nMmw9_f4PaGj81jbyy1AdmeW2Uwa2qyt-nFvjwPjIiutlB3s3KxtFfeGD1jt_VKrco3iWbpThe1LASW3TAJPQGjRg-qjODaSS26xHYAmcxX0tpxNFnT6FtKrC-dF5zpyoYyyw/haDTWyFDO3KniZsljD8aEcjmtRTw-phche_6vz95wkk),"Reprodux, 1900-tallets andre halvdel.
Høyde 76 cm
Lengde 107 cm
Dybde 53 cm

Mahogni med skinntopp og messingbeslag.",recZHWlZGG0aY0Ifs,,
Vitrineskap,Annet,Rederiet Hotel,Blomqvist,,Juni 2020,21250,Glastads Samlinger,image.png (https://v5.airtableusercontent.com/v3/u/54/54/1781287200000/_cK7KGSPAlUs3BF1MwszAg/z9FqNoB05GErDasChezLvPIJfR9J4MQHtJiGGNRo4FedFqJU3UYE78WxWQ06ieUrXSIpAKFUITHTOLtyTCApGJHuExbXiqp7zgMeemJwtuCCFLcRJgHhKCaASZW-tDJ2KEgdGMypfLKkfixSHBNdBQ/V33bngNLsR6W9Cg_3kV_xCKhSGorKgPAjHdT5m3keQ4),"Régence. Frankrike, 1700-tallets siste halvdel.
Eik.
Høyde 243 cm
Lengde 168 cm
Bredde 45 cm

Todelt, med glassfelter i overdelens dører og sidefelter. Skapdører foran innredning med tre hyller. Underdelen med to dører foran innredning med tre hyller.
Skåren dekor i høyt relieff med rocaille- og skjellformer.
Stående på kuleføtter. Skrå hjørner.",recQKN3uCm2ywk4XU,,